

CREATE TABLESPACE uber
DATAFILE 'UBER' SIZE 2G
EXTENT MANAGEMENT LOCAL AUTOALLOCATE;


--------------------------------------------------------
-- Archivo creado  - domingo-noviembre-18-2018   
--------------------------------------------------------
--------------------------------------------------------
--  DDL for Table CIUDADES
--------------------------------------------------------

  CREATE TABLE "CIUDADES" 
   (	"ID" NUMBER, 
	"NOMBRE" VARCHAR2(255 BYTE), 
	"PAIS" VARCHAR2(255 BYTE), 
	"MODEDA" VARCHAR2(255 BYTE), 
	"VALORXKM" FLOAT(126), 
	"VALORXMINUTO" FLOAT(126), 
	"TARIFABASEXCIUDAD" FLOAT(126)
   ) SEGMENT CREATION IMMEDIATE 
  PCTFREE 10 PCTUSED 40 INITRANS 1 MAXTRANS 255 NOCOMPRESS LOGGING
  STORAGE(INITIAL 65536 NEXT 1048576 MINEXTENTS 1 MAXEXTENTS 2147483645
  PCTINCREASE 0 FREELISTS 1 FREELIST GROUPS 1 BUFFER_POOL DEFAULT FLASH_CACHE DEFAULT CELL_FLASH_CACHE DEFAULT)
  TABLESPACE "UBER" ;
--------------------------------------------------------
--  DDL for Table CODIGOS_PROMOCIONALES
--------------------------------------------------------

  CREATE TABLE "CODIGOS_PROMOCIONALES" 
   (	"ID" NUMBER, 
	"USUARIO_ID" NUMBER, 
	"VALOR" NUMBER(*,0), 
	"ESTADO" VARCHAR2(255 BYTE)
   ) SEGMENT CREATION IMMEDIATE 
  PCTFREE 10 PCTUSED 40 INITRANS 1 MAXTRANS 255 NOCOMPRESS LOGGING
  STORAGE(INITIAL 65536 NEXT 1048576 MINEXTENTS 1 MAXEXTENTS 2147483645
  PCTINCREASE 0 FREELISTS 1 FREELIST GROUPS 1 BUFFER_POOL DEFAULT FLASH_CACHE DEFAULT CELL_FLASH_CACHE DEFAULT)
  TABLESPACE "UBER" ;
--------------------------------------------------------
--  DDL for Table CONDUCTOR_VEHICULOS
--------------------------------------------------------

  CREATE TABLE "CONDUCTOR_VEHICULOS" 
   (	"ID" NUMBER, 
	"USUARIO_ID" NUMBER, 
	"VEHICULO_ID" NUMBER
   ) SEGMENT CREATION IMMEDIATE 
  PCTFREE 10 PCTUSED 40 INITRANS 1 MAXTRANS 255 NOCOMPRESS LOGGING
  STORAGE(INITIAL 65536 NEXT 1048576 MINEXTENTS 1 MAXEXTENTS 2147483645
  PCTINCREASE 0 FREELISTS 1 FREELIST GROUPS 1 BUFFER_POOL DEFAULT FLASH_CACHE DEFAULT CELL_FLASH_CACHE DEFAULT)
  TABLESPACE "UBER" ;
--------------------------------------------------------
--  DDL for Table DETALLE_PAGOS_CONDUCTOR
--------------------------------------------------------

  CREATE TABLE "DETALLE_PAGOS_CONDUCTOR" 
   (	"ID" NUMBER, 
	"FACTURA_ID" NUMBER, 
	"PAGOS_CONDUCTOR_ID" NUMBER, 
	"VALOR" FLOAT(126)
   ) SEGMENT CREATION IMMEDIATE 
  PCTFREE 10 PCTUSED 40 INITRANS 1 MAXTRANS 255 NOCOMPRESS LOGGING
  STORAGE(INITIAL 65536 NEXT 1048576 MINEXTENTS 1 MAXEXTENTS 2147483645
  PCTINCREASE 0 FREELISTS 1 FREELIST GROUPS 1 BUFFER_POOL DEFAULT FLASH_CACHE DEFAULT CELL_FLASH_CACHE DEFAULT)
  TABLESPACE "UBER" ;
--------------------------------------------------------
--  DDL for Table DETALLES_CONDUCTOR
--------------------------------------------------------

  CREATE TABLE "DETALLES_CONDUCTOR" 
   (	"ID" NUMBER, 
	"CONDUCTOR_ID" NUMBER, 
	"LICENCIA" VARCHAR2(255 BYTE), 
	"CUENTA_BANCO" VARCHAR2(255 BYTE)
   ) SEGMENT CREATION IMMEDIATE 
  PCTFREE 10 PCTUSED 40 INITRANS 1 MAXTRANS 255 NOCOMPRESS LOGGING
  STORAGE(INITIAL 65536 NEXT 1048576 MINEXTENTS 1 MAXEXTENTS 2147483645
  PCTINCREASE 0 FREELISTS 1 FREELIST GROUPS 1 BUFFER_POOL DEFAULT FLASH_CACHE DEFAULT CELL_FLASH_CACHE DEFAULT)
  TABLESPACE "UBER" ;
--------------------------------------------------------
--  DDL for Table DETALLES_FACTURAS
--------------------------------------------------------

  CREATE TABLE "DETALLES_FACTURAS" 
   (	"ID" NUMBER, 
	"FACTURA_ID" NUMBER, 
	"CONCEPTO" VARCHAR2(255 BYTE), 
	"VALOR" FLOAT(126)
   ) SEGMENT CREATION IMMEDIATE 
  PCTFREE 10 PCTUSED 40 INITRANS 1 MAXTRANS 255 NOCOMPRESS LOGGING
  STORAGE(INITIAL 65536 NEXT 1048576 MINEXTENTS 1 MAXEXTENTS 2147483645
  PCTINCREASE 0 FREELISTS 1 FREELIST GROUPS 1 BUFFER_POOL DEFAULT FLASH_CACHE DEFAULT CELL_FLASH_CACHE DEFAULT)
  TABLESPACE "UBER" ;
--------------------------------------------------------
--  DDL for Table FACTURAS
--------------------------------------------------------

  CREATE TABLE "FACTURAS" 
   (	"ID" NUMBER, 
	"FECHA" DATE, 
	"SERVICIO_ID" NUMBER, 
	"CLIENTE_ID" NUMBER, 
	"VALOR_TOTAL" FLOAT(126), 
	"LIQUIDADO" VARCHAR2(255 BYTE)
   ) SEGMENT CREATION IMMEDIATE 
  PCTFREE 10 PCTUSED 40 INITRANS 1 MAXTRANS 255 NOCOMPRESS LOGGING
  STORAGE(INITIAL 65536 NEXT 1048576 MINEXTENTS 1 MAXEXTENTS 2147483645
  PCTINCREASE 0 FREELISTS 1 FREELIST GROUPS 1 BUFFER_POOL DEFAULT FLASH_CACHE DEFAULT CELL_FLASH_CACHE DEFAULT)
  TABLESPACE "UBER" ;
--------------------------------------------------------
--  DDL for Table MEDIOS_DE_PAGOS
--------------------------------------------------------

  CREATE TABLE "MEDIOS_DE_PAGOS" 
   (	"ID" NUMBER, 
	"NOMBRE" VARCHAR2(255 BYTE)
   ) SEGMENT CREATION IMMEDIATE 
  PCTFREE 10 PCTUSED 40 INITRANS 1 MAXTRANS 255 NOCOMPRESS LOGGING
  STORAGE(INITIAL 65536 NEXT 1048576 MINEXTENTS 1 MAXEXTENTS 2147483645
  PCTINCREASE 0 FREELISTS 1 FREELIST GROUPS 1 BUFFER_POOL DEFAULT FLASH_CACHE DEFAULT CELL_FLASH_CACHE DEFAULT)
  TABLESPACE "UBER" ;
--------------------------------------------------------
--  DDL for Table PAGOS_CONDUCTOR
--------------------------------------------------------

  CREATE TABLE "PAGOS_CONDUCTOR" 
   (	"ID" NUMBER, 
	"CONDUCTOR_ID" NUMBER, 
	"VALOR_A_PAGAR" NUMBER(*,0), 
	"FECHA_PAGO" DATE, 
	"CUENTA_BANCO" VARCHAR2(255 BYTE), 
	"FECHA_INICIO" DATE, 
	"FECHA_FINAL" DATE
   ) SEGMENT CREATION IMMEDIATE 
  PCTFREE 10 PCTUSED 40 INITRANS 1 MAXTRANS 255 NOCOMPRESS LOGGING
  STORAGE(INITIAL 65536 NEXT 1048576 MINEXTENTS 1 MAXEXTENTS 2147483645
  PCTINCREASE 0 FREELISTS 1 FREELIST GROUPS 1 BUFFER_POOL DEFAULT FLASH_CACHE DEFAULT CELL_FLASH_CACHE DEFAULT)
  TABLESPACE "UBER" ;
--------------------------------------------------------
--  DDL for Table RECIBOS
--------------------------------------------------------

  CREATE TABLE "RECIBOS" 
   (	"ID" NUMBER, 
	"FECHA" TIMESTAMP (6), 
	"FACTURA_ID" NUMBER, 
	"CLIENTE_ID" NUMBER, 
	"CODIGO_PROMOCION_ID" NUMBER, 
	"USUARIO_MEDIO_PAGO_ID" NUMBER, 
	"MONEDA" VARCHAR2(255 BYTE), 
	"VALOR_COMISION" NUMBER(*,0), 
	"VALOR" NUMBER(*,0)
   ) SEGMENT CREATION IMMEDIATE 
  PCTFREE 10 PCTUSED 40 INITRANS 1 MAXTRANS 255 NOCOMPRESS LOGGING
  STORAGE(INITIAL 65536 NEXT 1048576 MINEXTENTS 1 MAXEXTENTS 2147483645
  PCTINCREASE 0 FREELISTS 1 FREELIST GROUPS 1 BUFFER_POOL DEFAULT FLASH_CACHE DEFAULT CELL_FLASH_CACHE DEFAULT)
  TABLESPACE "UBER" ;
--------------------------------------------------------
--  DDL for Table SERVICIOS
--------------------------------------------------------

  CREATE TABLE "SERVICIOS" 
   (	"ID" NUMBER, 
	"FECHA_VIAJE" DATE, 
	"TIPO_SERVICIO" VARCHAR2(255 BYTE), 
	"ESTADO" VARCHAR2(255 BYTE), 
	"CLIENTE_ID" NUMBER, 
	"CONDUCTOR_VEHICULO_ID" NUMBER, 
	"CIUDAD_ID" NUMBER, 
	"DIRECCION_ORIGEN" VARCHAR2(255 BYTE), 
	"DIRECCION_DESTINO" VARCHAR2(255 BYTE), 
	"FECHA_HORA_ORIGEN" DATE, 
	"FECHA_HORA_DESTINO" DATE, 
	"TOTAL_TIEMPO" FLOAT(126), 
	"TARIFA_DINAMICA" VARCHAR2(1 BYTE), 
	"PROPINA" NUMBER, 
	"IVA" NUMBER
   ) SEGMENT CREATION IMMEDIATE 
  PCTFREE 10 PCTUSED 40 INITRANS 1 MAXTRANS 255 NOCOMPRESS LOGGING
  STORAGE(INITIAL 65536 NEXT 1048576 MINEXTENTS 1 MAXEXTENTS 2147483645
  PCTINCREASE 0 FREELISTS 1 FREELIST GROUPS 1 BUFFER_POOL DEFAULT FLASH_CACHE DEFAULT CELL_FLASH_CACHE DEFAULT)
  TABLESPACE "UBER" ;
--------------------------------------------------------
--  DDL for Table UBICACIONES_SERVICIOS
--------------------------------------------------------

  CREATE TABLE "UBICACIONES_SERVICIOS" 
   (	"ID" NUMBER, 
	"LATITUD" VARCHAR2(255 BYTE), 
	"LONGITUD" VARCHAR2(255 BYTE), 
	"FECHA_HORA" DATE, 
	"SERVICIO_ID" NUMBER
   ) SEGMENT CREATION IMMEDIATE 
  PCTFREE 10 PCTUSED 40 INITRANS 1 MAXTRANS 255 NOCOMPRESS LOGGING
  STORAGE(INITIAL 65536 NEXT 1048576 MINEXTENTS 1 MAXEXTENTS 2147483645
  PCTINCREASE 0 FREELISTS 1 FREELIST GROUPS 1 BUFFER_POOL DEFAULT FLASH_CACHE DEFAULT CELL_FLASH_CACHE DEFAULT)
  TABLESPACE "UBER" ;
--------------------------------------------------------
--  DDL for Table USUARIOS
--------------------------------------------------------

  CREATE TABLE "USUARIOS" 
   (	"ID" NUMBER(*,0), 
	"TIPO_USUARIO" VARCHAR2(255 BYTE), 
	"NOMBRE" VARCHAR2(255 BYTE), 
	"UBICACION" VARCHAR2(255 BYTE), 
	"LATITUD" VARCHAR2(255 BYTE), 
	"LONGITUD" VARCHAR2(255 BYTE), 
	"FOTO" VARCHAR2(255 BYTE), 
	"LENGUAJE" VARCHAR2(255 BYTE), 
	"CODIGO_INVITACION" VARCHAR2(255 BYTE), 
	"EMAIL" VARCHAR2(255 BYTE), 
	"EMAIL_ALTERNATIVO" VARCHAR2(255 BYTE), 
	"TELEFONO" VARCHAR2(255 BYTE)
   ) SEGMENT CREATION IMMEDIATE 
  PCTFREE 10 PCTUSED 40 INITRANS 1 MAXTRANS 255 NOCOMPRESS LOGGING
  STORAGE(INITIAL 65536 NEXT 1048576 MINEXTENTS 1 MAXEXTENTS 2147483645
  PCTINCREASE 0 FREELISTS 1 FREELIST GROUPS 1 BUFFER_POOL DEFAULT FLASH_CACHE DEFAULT CELL_FLASH_CACHE DEFAULT)
  TABLESPACE "UBER" ;
--------------------------------------------------------
--  DDL for Table USUARIOS_MEDIOS_PAGOS
--------------------------------------------------------

  CREATE TABLE "USUARIOS_MEDIOS_PAGOS" 
   (	"ID" NUMBER(10,0), 
	"FK_USUARIO" NUMBER(10,0), 
	"FK_MEDIO_PAGO" NUMBER(10,0), 
	"EMAIL" VARCHAR2(255 BYTE), 
	"ENVIAR_CORREO" VARCHAR2(1 BYTE), 
	"DETALLE_FORMA_PAGO" VARCHAR2(255 BYTE), 
	"EMPRESARIAL" VARCHAR2(1 BYTE), 
	"NOMBRE_EMPRESA" VARCHAR2(255 BYTE)
   ) SEGMENT CREATION IMMEDIATE 
  PCTFREE 10 PCTUSED 40 INITRANS 1 MAXTRANS 255 NOCOMPRESS LOGGING
  STORAGE(INITIAL 65536 NEXT 1048576 MINEXTENTS 1 MAXEXTENTS 2147483645
  PCTINCREASE 0 FREELISTS 1 FREELIST GROUPS 1 BUFFER_POOL DEFAULT FLASH_CACHE DEFAULT CELL_FLASH_CACHE DEFAULT)
  TABLESPACE "UBER" ;
--------------------------------------------------------
--  DDL for Table VEHICULOS
--------------------------------------------------------

  CREATE TABLE "VEHICULOS" 
   (	"ID" NUMBER, 
	"FK_USUARIO" NUMBER, 
	"MARCA" VARCHAR2(255 BYTE), 
	"PLACA" VARCHAR2(255 BYTE), 
	"MODELO" NUMBER
   ) SEGMENT CREATION IMMEDIATE 
  PCTFREE 10 PCTUSED 40 INITRANS 1 MAXTRANS 255 NOCOMPRESS LOGGING
  STORAGE(INITIAL 65536 NEXT 1048576 MINEXTENTS 1 MAXEXTENTS 2147483645
  PCTINCREASE 0 FREELISTS 1 FREELIST GROUPS 1 BUFFER_POOL DEFAULT FLASH_CACHE DEFAULT CELL_FLASH_CACHE DEFAULT)
  TABLESPACE "UBER" ;
REM INSERTING into CIUDADES
SET DEFINE OFF;
Insert into CIUDADES (ID,NOMBRE,PAIS,MODEDA,VALORXKM,VALORXMINUTO,TARIFABASEXCIUDAD) values ('1','MEDELLIN','COLOMBIA','PESO','3000','1000','2500');
Insert into CIUDADES (ID,NOMBRE,PAIS,MODEDA,VALORXKM,VALORXMINUTO,TARIFABASEXCIUDAD) values ('2','BOGOTA','COLOMBIA','PESO','3500','1200','2000');
Insert into CIUDADES (ID,NOMBRE,PAIS,MODEDA,VALORXKM,VALORXMINUTO,TARIFABASEXCIUDAD) values ('3','CALI','COLOMBIA','PESO','4000','2000','3000');
Insert into CIUDADES (ID,NOMBRE,PAIS,MODEDA,VALORXKM,VALORXMINUTO,TARIFABASEXCIUDAD) values ('4','BARRANQUILLA','COLOMBIA','PESO','2000','1800','3500');
REM INSERTING into CODIGOS_PROMOCIONALES
SET DEFINE OFF;
Insert into CODIGOS_PROMOCIONALES (ID,USUARIO_ID,VALOR,ESTADO) values ('1','29','-43','00A848KWUQ74');
Insert into CODIGOS_PROMOCIONALES (ID,USUARIO_ID,VALOR,ESTADO) values ('2','24','-7962178109','T3NO40JEX3LQ8SI15W4575');
Insert into CODIGOS_PROMOCIONALES (ID,USUARIO_ID,VALOR,ESTADO) values ('3','26','-4086377080','I52');
Insert into CODIGOS_PROMOCIONALES (ID,USUARIO_ID,VALOR,ESTADO) values ('4','2','722386841','7T');
Insert into CODIGOS_PROMOCIONALES (ID,USUARIO_ID,VALOR,ESTADO) values ('5','13','-938271969','R7');
Insert into CODIGOS_PROMOCIONALES (ID,USUARIO_ID,VALOR,ESTADO) values ('6','9','-2100015535','D76X');
Insert into CODIGOS_PROMOCIONALES (ID,USUARIO_ID,VALOR,ESTADO) values ('7','31','-4858053652','E9DL2Q507C02627871M5U1');
Insert into CODIGOS_PROMOCIONALES (ID,USUARIO_ID,VALOR,ESTADO) values ('8','50','2337671440','V6N9SG2NVDS533QY504HS12T6S09DCX7JHN4N3U1P14UE720Y0KCZD65Y4N545K4X0R7Y67CRQ');
Insert into CODIGOS_PROMOCIONALES (ID,USUARIO_ID,VALOR,ESTADO) values ('9',null,null,null);
Insert into CODIGOS_PROMOCIONALES (ID,USUARIO_ID,VALOR,ESTADO) values ('10','46','6389','375M54');
Insert into CODIGOS_PROMOCIONALES (ID,USUARIO_ID,VALOR,ESTADO) values ('11','33','-1855445379','0E85J6W');
Insert into CODIGOS_PROMOCIONALES (ID,USUARIO_ID,VALOR,ESTADO) values ('12','40','8013638455','5W4C84E6KH');
Insert into CODIGOS_PROMOCIONALES (ID,USUARIO_ID,VALOR,ESTADO) values ('13','19','4','BTL8K336H77098SW059MTLU9GK4S1L5G7H7S98M8869BV27SS4335I0530I8LW73NN103P');
Insert into CODIGOS_PROMOCIONALES (ID,USUARIO_ID,VALOR,ESTADO) values ('14','44','-2772389836','K261F7Q918750Q49SXI353FTIF7UNCF2699889L207Y4F2D3O6EMT4PK3WWC2IIR6GO1ZB54SAW41');
Insert into CODIGOS_PROMOCIONALES (ID,USUARIO_ID,VALOR,ESTADO) values ('15','14','0','LO0UKL5814IX1O71ZC96A98Z8S9IGU6O50U1I2WB6AE29XV6TP3IT330811X15M0B4QEAX');
Insert into CODIGOS_PROMOCIONALES (ID,USUARIO_ID,VALOR,ESTADO) values ('16','25','8806344766','49EH211YJL4H341LZ40TC5C7PG5N4Y16H');
Insert into CODIGOS_PROMOCIONALES (ID,USUARIO_ID,VALOR,ESTADO) values ('17','20','9836477430','6LNBIK69K942QUZ6N3G7632CLG33C8EE2IX4I0Y');
Insert into CODIGOS_PROMOCIONALES (ID,USUARIO_ID,VALOR,ESTADO) values ('18','36','-1961251244','0K497DCR6OD39KL1UO0UKYP6EAYX81HP58SXI1W66OIN82PZ672ZD41GMFJ5X131S5E68A803V45F97UC0PS35C8V922V59AHM56FC3B923FMSKZQRX');
Insert into CODIGOS_PROMOCIONALES (ID,USUARIO_ID,VALOR,ESTADO) values ('19','16','-94','I8671X6P839X');
Insert into CODIGOS_PROMOCIONALES (ID,USUARIO_ID,VALOR,ESTADO) values ('20','16','7712908363','3PY16307K25D');
Insert into CODIGOS_PROMOCIONALES (ID,USUARIO_ID,VALOR,ESTADO) values ('21','4','8252','WU');
Insert into CODIGOS_PROMOCIONALES (ID,USUARIO_ID,VALOR,ESTADO) values ('22','29','5423310725','6JXJIE33671X1');
Insert into CODIGOS_PROMOCIONALES (ID,USUARIO_ID,VALOR,ESTADO) values ('23','33','-8282943217','SYAN31Y62537MI7W');
Insert into CODIGOS_PROMOCIONALES (ID,USUARIO_ID,VALOR,ESTADO) values ('24','10','-5667477061','KJ88AJ71118K9291CAK98MAKR327GX76O30515FR6V21');
Insert into CODIGOS_PROMOCIONALES (ID,USUARIO_ID,VALOR,ESTADO) values ('25','30','5230836389','US4');
Insert into CODIGOS_PROMOCIONALES (ID,USUARIO_ID,VALOR,ESTADO) values ('26','38','-31','367J68H58J9493Q4OW5W9H7W01EWCTQ3Q06829O6NJJ937LQX4M9S3W5ML6QB4922R6EGRC1J5TUCI1D');
Insert into CODIGOS_PROMOCIONALES (ID,USUARIO_ID,VALOR,ESTADO) values ('27',null,null,null);
Insert into CODIGOS_PROMOCIONALES (ID,USUARIO_ID,VALOR,ESTADO) values ('28','9','-2557122465','37NG8KK');
Insert into CODIGOS_PROMOCIONALES (ID,USUARIO_ID,VALOR,ESTADO) values ('29','13','8700259932','9DQSDML1X2QY');
Insert into CODIGOS_PROMOCIONALES (ID,USUARIO_ID,VALOR,ESTADO) values ('30','7','872','1446AH1PC228921LT0892EZWC9L46M6');
Insert into CODIGOS_PROMOCIONALES (ID,USUARIO_ID,VALOR,ESTADO) values ('31','23','9171507395','1220PL0V7Y5SZAGF67PR517DSX9GK6D366HMZWUOJB4ND1NLQD83TF2NY');
Insert into CODIGOS_PROMOCIONALES (ID,USUARIO_ID,VALOR,ESTADO) values ('32',null,null,null);
Insert into CODIGOS_PROMOCIONALES (ID,USUARIO_ID,VALOR,ESTADO) values ('33','25','979','HG4VX7L5HK9MB');
Insert into CODIGOS_PROMOCIONALES (ID,USUARIO_ID,VALOR,ESTADO) values ('34','46','-4950367153','U0Y3');
Insert into CODIGOS_PROMOCIONALES (ID,USUARIO_ID,VALOR,ESTADO) values ('35','41','-5790355702','417YNW0V52D7S186131E');
Insert into CODIGOS_PROMOCIONALES (ID,USUARIO_ID,VALOR,ESTADO) values ('36','40','-8212156617','2HS3W176X29J36NM8WW0G18K2');
Insert into CODIGOS_PROMOCIONALES (ID,USUARIO_ID,VALOR,ESTADO) values ('37','15','-3617','PNX3LE42K573AD99653G5WLZ3T58W9P34');
Insert into CODIGOS_PROMOCIONALES (ID,USUARIO_ID,VALOR,ESTADO) values ('38','22','733017756','5');
Insert into CODIGOS_PROMOCIONALES (ID,USUARIO_ID,VALOR,ESTADO) values ('39','4','-2529953957','A30OLKM537RI1VITOZL0564S6R4O0R372SJ3Y0LO4UV31724PHDL48TPU13Y4M86J018LR1KQ62896IH2E448AH0P53M9');
Insert into CODIGOS_PROMOCIONALES (ID,USUARIO_ID,VALOR,ESTADO) values ('40','3','-6918209302','630QHR78VAERTYKRPQY');
Insert into CODIGOS_PROMOCIONALES (ID,USUARIO_ID,VALOR,ESTADO) values ('41','23','-494714346','064RN1XSUXFPFOWZHEQ0IO9T');
Insert into CODIGOS_PROMOCIONALES (ID,USUARIO_ID,VALOR,ESTADO) values ('42',null,null,null);
Insert into CODIGOS_PROMOCIONALES (ID,USUARIO_ID,VALOR,ESTADO) values ('43','32','-6902543129','LH8A4NPRE1UI452ND875OJHB69A88HR3JG09I42ZUW8L');
Insert into CODIGOS_PROMOCIONALES (ID,USUARIO_ID,VALOR,ESTADO) values ('44','22','2102158197','2V4JLQV7247V3J6LV8B3T9Q5KCBTPM9X2I26706L44J19GEK459699YX9M0NLLEU86CS1L3TE5SZ899A0S24Q6CX03BGSY');
Insert into CODIGOS_PROMOCIONALES (ID,USUARIO_ID,VALOR,ESTADO) values ('45','9','-6755854393','54Q25CW0SLCCQC0HRL1714T2MIL722I50484GHYA1ECB5F5A2SR5YRZE35C9VPX59D2CFTKM');
Insert into CODIGOS_PROMOCIONALES (ID,USUARIO_ID,VALOR,ESTADO) values ('46','34','833944400','B7DEQACWB5S9G8U342G5619474919313O27630');
Insert into CODIGOS_PROMOCIONALES (ID,USUARIO_ID,VALOR,ESTADO) values ('47','32','1871157015','3Q');
Insert into CODIGOS_PROMOCIONALES (ID,USUARIO_ID,VALOR,ESTADO) values ('48','6','9756900848','C6432RI1U79A0T9Q9HQHB9N79FQ1BCA587XC6QNELA45272SM3');
Insert into CODIGOS_PROMOCIONALES (ID,USUARIO_ID,VALOR,ESTADO) values ('49','22','-14','0561B982TEVCKDC8');
Insert into CODIGOS_PROMOCIONALES (ID,USUARIO_ID,VALOR,ESTADO) values ('50',null,'1356870039','P');
REM INSERTING into CONDUCTOR_VEHICULOS
SET DEFINE OFF;
Insert into CONDUCTOR_VEHICULOS (ID,USUARIO_ID,VEHICULO_ID) values ('31','31','31');
Insert into CONDUCTOR_VEHICULOS (ID,USUARIO_ID,VEHICULO_ID) values ('32','32','32');
Insert into CONDUCTOR_VEHICULOS (ID,USUARIO_ID,VEHICULO_ID) values ('33','33','33');
Insert into CONDUCTOR_VEHICULOS (ID,USUARIO_ID,VEHICULO_ID) values ('34','34','34');
Insert into CONDUCTOR_VEHICULOS (ID,USUARIO_ID,VEHICULO_ID) values ('35','35','35');
Insert into CONDUCTOR_VEHICULOS (ID,USUARIO_ID,VEHICULO_ID) values ('36','36','36');
Insert into CONDUCTOR_VEHICULOS (ID,USUARIO_ID,VEHICULO_ID) values ('37','37','37');
Insert into CONDUCTOR_VEHICULOS (ID,USUARIO_ID,VEHICULO_ID) values ('38','38','38');
Insert into CONDUCTOR_VEHICULOS (ID,USUARIO_ID,VEHICULO_ID) values ('39','39','39');
Insert into CONDUCTOR_VEHICULOS (ID,USUARIO_ID,VEHICULO_ID) values ('40','40','40');
Insert into CONDUCTOR_VEHICULOS (ID,USUARIO_ID,VEHICULO_ID) values ('1','1','1');
Insert into CONDUCTOR_VEHICULOS (ID,USUARIO_ID,VEHICULO_ID) values ('2','2','2');
Insert into CONDUCTOR_VEHICULOS (ID,USUARIO_ID,VEHICULO_ID) values ('3','3','3');
Insert into CONDUCTOR_VEHICULOS (ID,USUARIO_ID,VEHICULO_ID) values ('4','4','4');
Insert into CONDUCTOR_VEHICULOS (ID,USUARIO_ID,VEHICULO_ID) values ('5','5','5');
Insert into CONDUCTOR_VEHICULOS (ID,USUARIO_ID,VEHICULO_ID) values ('6','6','6');
Insert into CONDUCTOR_VEHICULOS (ID,USUARIO_ID,VEHICULO_ID) values ('7','7','7');
Insert into CONDUCTOR_VEHICULOS (ID,USUARIO_ID,VEHICULO_ID) values ('8','8','8');
Insert into CONDUCTOR_VEHICULOS (ID,USUARIO_ID,VEHICULO_ID) values ('9','9','9');
Insert into CONDUCTOR_VEHICULOS (ID,USUARIO_ID,VEHICULO_ID) values ('10','10','10');
Insert into CONDUCTOR_VEHICULOS (ID,USUARIO_ID,VEHICULO_ID) values ('11','11','11');
Insert into CONDUCTOR_VEHICULOS (ID,USUARIO_ID,VEHICULO_ID) values ('12','12','12');
Insert into CONDUCTOR_VEHICULOS (ID,USUARIO_ID,VEHICULO_ID) values ('13','13','13');
Insert into CONDUCTOR_VEHICULOS (ID,USUARIO_ID,VEHICULO_ID) values ('14','14','14');
Insert into CONDUCTOR_VEHICULOS (ID,USUARIO_ID,VEHICULO_ID) values ('15','15','15');
Insert into CONDUCTOR_VEHICULOS (ID,USUARIO_ID,VEHICULO_ID) values ('16','16','16');
Insert into CONDUCTOR_VEHICULOS (ID,USUARIO_ID,VEHICULO_ID) values ('17','17','17');
Insert into CONDUCTOR_VEHICULOS (ID,USUARIO_ID,VEHICULO_ID) values ('18','18','18');
Insert into CONDUCTOR_VEHICULOS (ID,USUARIO_ID,VEHICULO_ID) values ('19','19','19');
Insert into CONDUCTOR_VEHICULOS (ID,USUARIO_ID,VEHICULO_ID) values ('20','20','20');
Insert into CONDUCTOR_VEHICULOS (ID,USUARIO_ID,VEHICULO_ID) values ('21','21','21');
Insert into CONDUCTOR_VEHICULOS (ID,USUARIO_ID,VEHICULO_ID) values ('22','22','22');
Insert into CONDUCTOR_VEHICULOS (ID,USUARIO_ID,VEHICULO_ID) values ('23','23','23');
Insert into CONDUCTOR_VEHICULOS (ID,USUARIO_ID,VEHICULO_ID) values ('24','24','24');
Insert into CONDUCTOR_VEHICULOS (ID,USUARIO_ID,VEHICULO_ID) values ('25','25','25');
Insert into CONDUCTOR_VEHICULOS (ID,USUARIO_ID,VEHICULO_ID) values ('26','26','26');
Insert into CONDUCTOR_VEHICULOS (ID,USUARIO_ID,VEHICULO_ID) values ('27','27','27');
Insert into CONDUCTOR_VEHICULOS (ID,USUARIO_ID,VEHICULO_ID) values ('28','28','28');
Insert into CONDUCTOR_VEHICULOS (ID,USUARIO_ID,VEHICULO_ID) values ('29','29','29');
Insert into CONDUCTOR_VEHICULOS (ID,USUARIO_ID,VEHICULO_ID) values ('30','30','30');
REM INSERTING into DETALLE_PAGOS_CONDUCTOR
SET DEFINE OFF;
REM INSERTING into DETALLES_CONDUCTOR
SET DEFINE OFF;
Insert into DETALLES_CONDUCTOR (ID,CONDUCTOR_ID,LICENCIA,CUENTA_BANCO) values ('1','1','1322398893','BANCOLOMBIA');
Insert into DETALLES_CONDUCTOR (ID,CONDUCTOR_ID,LICENCIA,CUENTA_BANCO) values ('2','2','1740096705','BANCOLOMBIA');
Insert into DETALLES_CONDUCTOR (ID,CONDUCTOR_ID,LICENCIA,CUENTA_BANCO) values ('3','5','1913461135','BANCODEBOGOTA');
Insert into DETALLES_CONDUCTOR (ID,CONDUCTOR_ID,LICENCIA,CUENTA_BANCO) values ('4','6','1893727943','BANCODEBOGOTA');
Insert into DETALLES_CONDUCTOR (ID,CONDUCTOR_ID,LICENCIA,CUENTA_BANCO) values ('5','7','1451896761','AVVILLAS');
Insert into DETALLES_CONDUCTOR (ID,CONDUCTOR_ID,LICENCIA,CUENTA_BANCO) values ('6','8','1870863166
','AVVILLAS');
Insert into DETALLES_CONDUCTOR (ID,CONDUCTOR_ID,LICENCIA,CUENTA_BANCO) values ('7','13','1203993193','AVVILLAS');
Insert into DETALLES_CONDUCTOR (ID,CONDUCTOR_ID,LICENCIA,CUENTA_BANCO) values ('8','16','1779858907','AGRARIO');
Insert into DETALLES_CONDUCTOR (ID,CONDUCTOR_ID,LICENCIA,CUENTA_BANCO) values ('9','21','1178005519','AGRARIO');
Insert into DETALLES_CONDUCTOR (ID,CONDUCTOR_ID,LICENCIA,CUENTA_BANCO) values ('10','24','1776434422','AGRARIO');
Insert into DETALLES_CONDUCTOR (ID,CONDUCTOR_ID,LICENCIA,CUENTA_BANCO) values ('11','28','1427929089
','BANCOLOMBIA');
Insert into DETALLES_CONDUCTOR (ID,CONDUCTOR_ID,LICENCIA,CUENTA_BANCO) values ('12','33','1145631549','BANCOLOMBIA');
Insert into DETALLES_CONDUCTOR (ID,CONDUCTOR_ID,LICENCIA,CUENTA_BANCO) values ('13','34','1678086824','BBVA');
Insert into DETALLES_CONDUCTOR (ID,CONDUCTOR_ID,LICENCIA,CUENTA_BANCO) values ('14','35','1873458111','BBVA');
Insert into DETALLES_CONDUCTOR (ID,CONDUCTOR_ID,LICENCIA,CUENTA_BANCO) values ('15','37','1617889163','BBVA');
Insert into DETALLES_CONDUCTOR (ID,CONDUCTOR_ID,LICENCIA,CUENTA_BANCO) values ('16','40','1844039040','OCCIDENTE');
Insert into DETALLES_CONDUCTOR (ID,CONDUCTOR_ID,LICENCIA,CUENTA_BANCO) values ('17','41','1435544307','OCCIDENTE');
Insert into DETALLES_CONDUCTOR (ID,CONDUCTOR_ID,LICENCIA,CUENTA_BANCO) values ('18','44','1356517151','BANCOLOMBIA');
Insert into DETALLES_CONDUCTOR (ID,CONDUCTOR_ID,LICENCIA,CUENTA_BANCO) values ('19','48','1475888081
','BANCOLOMBIA');
Insert into DETALLES_CONDUCTOR (ID,CONDUCTOR_ID,LICENCIA,CUENTA_BANCO) values ('20','50','1763264554','BANCOLOMBIA');
Insert into DETALLES_CONDUCTOR (ID,CONDUCTOR_ID,LICENCIA,CUENTA_BANCO) values ('21','51','1293304941
','OCCIDENTE');
Insert into DETALLES_CONDUCTOR (ID,CONDUCTOR_ID,LICENCIA,CUENTA_BANCO) values ('22','52','1187468098
','CAJASOCIAL');
REM INSERTING into DETALLES_FACTURAS
SET DEFINE OFF;
REM INSERTING into FACTURAS
SET DEFINE OFF;
Insert into FACTURAS (ID,FECHA,SERVICIO_ID,CLIENTE_ID,VALOR_TOTAL,LIQUIDADO) values ('1',to_date('21/11/18','DD/MM/RR'),'9','9','65800','SI');
Insert into FACTURAS (ID,FECHA,SERVICIO_ID,CLIENTE_ID,VALOR_TOTAL,LIQUIDADO) values ('2',to_date('06/11/18','DD/MM/RR'),'10','10','0','SI');
Insert into FACTURAS (ID,FECHA,SERVICIO_ID,CLIENTE_ID,VALOR_TOTAL,LIQUIDADO) values ('3',to_date('13/11/18','DD/MM/RR'),'12','12','67450','SI');
Insert into FACTURAS (ID,FECHA,SERVICIO_ID,CLIENTE_ID,VALOR_TOTAL,LIQUIDADO) values ('4',to_date('24/11/18','DD/MM/RR'),'14','14','0','SI');
Insert into FACTURAS (ID,FECHA,SERVICIO_ID,CLIENTE_ID,VALOR_TOTAL,LIQUIDADO) values ('5',to_date('24/11/18','DD/MM/RR'),'15','15','0','SI');
Insert into FACTURAS (ID,FECHA,SERVICIO_ID,CLIENTE_ID,VALOR_TOTAL,LIQUIDADO) values ('6',to_date('03/11/18','DD/MM/RR'),'17','17','99670','SI');
Insert into FACTURAS (ID,FECHA,SERVICIO_ID,CLIENTE_ID,VALOR_TOTAL,LIQUIDADO) values ('7',to_date('10/11/18','DD/MM/RR'),'23','23','0','SI');
Insert into FACTURAS (ID,FECHA,SERVICIO_ID,CLIENTE_ID,VALOR_TOTAL,LIQUIDADO) values ('8',to_date('17/11/18','DD/MM/RR'),'26','26','0','SI');
Insert into FACTURAS (ID,FECHA,SERVICIO_ID,CLIENTE_ID,VALOR_TOTAL,LIQUIDADO) values ('9',to_date('30/11/18','DD/MM/RR'),'29','29','0','SI');
Insert into FACTURAS (ID,FECHA,SERVICIO_ID,CLIENTE_ID,VALOR_TOTAL,LIQUIDADO) values ('10',to_date('21/11/18','DD/MM/RR'),'30','30','0','SI');
Insert into FACTURAS (ID,FECHA,SERVICIO_ID,CLIENTE_ID,VALOR_TOTAL,LIQUIDADO) values ('11',to_date('21/11/18','DD/MM/RR'),'32','32','0','SI');
Insert into FACTURAS (ID,FECHA,SERVICIO_ID,CLIENTE_ID,VALOR_TOTAL,LIQUIDADO) values ('12',to_date('21/11/18','DD/MM/RR'),'36','36','0','SI');
Insert into FACTURAS (ID,FECHA,SERVICIO_ID,CLIENTE_ID,VALOR_TOTAL,LIQUIDADO) values ('13',to_date('21/11/18','DD/MM/RR'),'1','1','114100','SI');
Insert into FACTURAS (ID,FECHA,SERVICIO_ID,CLIENTE_ID,VALOR_TOTAL,LIQUIDADO) values ('14',to_date('10/11/18','DD/MM/RR'),'37','37','0','SI');
REM INSERTING into MEDIOS_DE_PAGOS
SET DEFINE OFF;
Insert into MEDIOS_DE_PAGOS (ID,NOMBRE) values ('1','TDC');
Insert into MEDIOS_DE_PAGOS (ID,NOMBRE) values ('2','PAYPAL');
Insert into MEDIOS_DE_PAGOS (ID,NOMBRE) values ('3','EFECTIVO');
Insert into MEDIOS_DE_PAGOS (ID,NOMBRE) values ('4','DEBITO');
Insert into MEDIOS_DE_PAGOS (ID,NOMBRE) values ('5','N/A');
REM INSERTING into PAGOS_CONDUCTOR
SET DEFINE OFF;
REM INSERTING into RECIBOS
SET DEFINE OFF;
REM INSERTING into SERVICIOS
SET DEFINE OFF;
Insert into SERVICIOS (ID,FECHA_VIAJE,TIPO_SERVICIO,ESTADO,CLIENTE_ID,CONDUCTOR_VEHICULO_ID,CIUDAD_ID,DIRECCION_ORIGEN,DIRECCION_DESTINO,FECHA_HORA_ORIGEN,FECHA_HORA_DESTINO,TOTAL_TIEMPO,TARIFA_DINAMICA,PROPINA,IVA) values ('1',to_date('01/11/18','DD/MM/RR'),'UberX','REALIZADO','1','1','3','868-7645 Nunc Av.','Ap #693-8675 Arcu Rd.',to_date('13/11/18','DD/MM/RR'),to_date('13/11/18','DD/MM/RR'),'4','F','1000','100');
Insert into SERVICIOS (ID,FECHA_VIAJE,TIPO_SERVICIO,ESTADO,CLIENTE_ID,CONDUCTOR_VEHICULO_ID,CIUDAD_ID,DIRECCION_ORIGEN,DIRECCION_DESTINO,FECHA_HORA_ORIGEN,FECHA_HORA_DESTINO,TOTAL_TIEMPO,TARIFA_DINAMICA,PROPINA,IVA) values ('2',to_date('20/11/18','DD/MM/RR'),'UberBlack','CANCELADO','2','2','1','P.O. Box 673, 7077 Tempus Ave','P.O. Box 199, 724 Amet St.',to_date('13/11/18','DD/MM/RR'),to_date('13/11/18','DD/MM/RR'),'1','T','0','0');
Insert into SERVICIOS (ID,FECHA_VIAJE,TIPO_SERVICIO,ESTADO,CLIENTE_ID,CONDUCTOR_VEHICULO_ID,CIUDAD_ID,DIRECCION_ORIGEN,DIRECCION_DESTINO,FECHA_HORA_ORIGEN,FECHA_HORA_DESTINO,TOTAL_TIEMPO,TARIFA_DINAMICA,PROPINA,IVA) values ('3',to_date('17/11/18','DD/MM/RR'),'UberX','ANULADO','3','3','4','290-1097 Id, St.','Ap #838-7221 Cras Street',to_date('13/11/18','DD/MM/RR'),to_date('13/11/18','DD/MM/RR'),'5','F','500','0');
Insert into SERVICIOS (ID,FECHA_VIAJE,TIPO_SERVICIO,ESTADO,CLIENTE_ID,CONDUCTOR_VEHICULO_ID,CIUDAD_ID,DIRECCION_ORIGEN,DIRECCION_DESTINO,FECHA_HORA_ORIGEN,FECHA_HORA_DESTINO,TOTAL_TIEMPO,TARIFA_DINAMICA,PROPINA,IVA) values ('4',to_date('01/11/18','DD/MM/RR'),'UberX','ANULADO','4','4','4','P.O. Box 387, 7143 Suspendisse Ave','809-602 Fringilla Av.',to_date('13/11/18','DD/MM/RR'),to_date('13/11/18','DD/MM/RR'),'1','F','300','0');
Insert into SERVICIOS (ID,FECHA_VIAJE,TIPO_SERVICIO,ESTADO,CLIENTE_ID,CONDUCTOR_VEHICULO_ID,CIUDAD_ID,DIRECCION_ORIGEN,DIRECCION_DESTINO,FECHA_HORA_ORIGEN,FECHA_HORA_DESTINO,TOTAL_TIEMPO,TARIFA_DINAMICA,PROPINA,IVA) values ('5',to_date('22/11/18','DD/MM/RR'),'UberBlack','ANULADO','5','5','3','7173 Risus. Ave','9518 Justo Street',to_date('13/11/18','DD/MM/RR'),to_date('13/11/18','DD/MM/RR'),'2','T','2000','0');
Insert into SERVICIOS (ID,FECHA_VIAJE,TIPO_SERVICIO,ESTADO,CLIENTE_ID,CONDUCTOR_VEHICULO_ID,CIUDAD_ID,DIRECCION_ORIGEN,DIRECCION_DESTINO,FECHA_HORA_ORIGEN,FECHA_HORA_DESTINO,TOTAL_TIEMPO,TARIFA_DINAMICA,PROPINA,IVA) values ('6',to_date('23/11/18','DD/MM/RR'),'UberX','CANCELADO','6','6','2','Ap #836-8753 Enim. Street','P.O. Box 490, 625 Integer Street',to_date('13/11/18','DD/MM/RR'),to_date('13/11/18','DD/MM/RR'),'4','F','0','0');
Insert into SERVICIOS (ID,FECHA_VIAJE,TIPO_SERVICIO,ESTADO,CLIENTE_ID,CONDUCTOR_VEHICULO_ID,CIUDAD_ID,DIRECCION_ORIGEN,DIRECCION_DESTINO,FECHA_HORA_ORIGEN,FECHA_HORA_DESTINO,TOTAL_TIEMPO,TARIFA_DINAMICA,PROPINA,IVA) values ('7',to_date('11/11/18','DD/MM/RR'),'UberBlack','CANCELADO','7','7','4','642-6594 Non, Avenue','328-3409 Praesent Rd.',to_date('13/11/18','DD/MM/RR'),to_date('13/11/18','DD/MM/RR'),'4','T','0','0');
Insert into SERVICIOS (ID,FECHA_VIAJE,TIPO_SERVICIO,ESTADO,CLIENTE_ID,CONDUCTOR_VEHICULO_ID,CIUDAD_ID,DIRECCION_ORIGEN,DIRECCION_DESTINO,FECHA_HORA_ORIGEN,FECHA_HORA_DESTINO,TOTAL_TIEMPO,TARIFA_DINAMICA,PROPINA,IVA) values ('8',to_date('30/11/18','DD/MM/RR'),'UberX','ANULADO','8','8','3','315-3373 Nulla St.','614-7571 Sit Av.',to_date('13/11/18','DD/MM/RR'),to_date('13/11/18','DD/MM/RR'),'4','F','0','0');
Insert into SERVICIOS (ID,FECHA_VIAJE,TIPO_SERVICIO,ESTADO,CLIENTE_ID,CONDUCTOR_VEHICULO_ID,CIUDAD_ID,DIRECCION_ORIGEN,DIRECCION_DESTINO,FECHA_HORA_ORIGEN,FECHA_HORA_DESTINO,TOTAL_TIEMPO,TARIFA_DINAMICA,PROPINA,IVA) values ('9',to_date('21/11/18','DD/MM/RR'),'UberBlack','REALIZADO','9','9','1','490-4317 Et St.','909-729 Vel, St.',to_date('13/11/18','DD/MM/RR'),to_date('13/11/18','DD/MM/RR'),'5','T','3000','300');
Insert into SERVICIOS (ID,FECHA_VIAJE,TIPO_SERVICIO,ESTADO,CLIENTE_ID,CONDUCTOR_VEHICULO_ID,CIUDAD_ID,DIRECCION_ORIGEN,DIRECCION_DESTINO,FECHA_HORA_ORIGEN,FECHA_HORA_DESTINO,TOTAL_TIEMPO,TARIFA_DINAMICA,PROPINA,IVA) values ('10',to_date('06/11/18','DD/MM/RR'),'UberX','REALIZADO','10','10','2','693 Luctus. Street','P.O. Box 190, 6613 Sem St.',to_date('13/11/18','DD/MM/RR'),to_date('13/11/18','DD/MM/RR'),'4','F','4550','455');
Insert into SERVICIOS (ID,FECHA_VIAJE,TIPO_SERVICIO,ESTADO,CLIENTE_ID,CONDUCTOR_VEHICULO_ID,CIUDAD_ID,DIRECCION_ORIGEN,DIRECCION_DESTINO,FECHA_HORA_ORIGEN,FECHA_HORA_DESTINO,TOTAL_TIEMPO,TARIFA_DINAMICA,PROPINA,IVA) values ('11',to_date('05/11/18','DD/MM/RR'),'UberBlack','ANULADO','11','11','1','224-3895 Ut, St.','Ap #477-7812 Adipiscing St.',to_date('13/11/18','DD/MM/RR'),to_date('13/11/18','DD/MM/RR'),'5','T','0','0');
Insert into SERVICIOS (ID,FECHA_VIAJE,TIPO_SERVICIO,ESTADO,CLIENTE_ID,CONDUCTOR_VEHICULO_ID,CIUDAD_ID,DIRECCION_ORIGEN,DIRECCION_DESTINO,FECHA_HORA_ORIGEN,FECHA_HORA_DESTINO,TOTAL_TIEMPO,TARIFA_DINAMICA,PROPINA,IVA) values ('12',to_date('13/11/18','DD/MM/RR'),'UberBlack','REALIZADO','12','12','1','7742 Malesuada Av.','P.O. Box 369, 5081 Lacus. St.',to_date('13/11/18','DD/MM/RR'),to_date('13/11/18','DD/MM/RR'),'5','T','4500','450');
Insert into SERVICIOS (ID,FECHA_VIAJE,TIPO_SERVICIO,ESTADO,CLIENTE_ID,CONDUCTOR_VEHICULO_ID,CIUDAD_ID,DIRECCION_ORIGEN,DIRECCION_DESTINO,FECHA_HORA_ORIGEN,FECHA_HORA_DESTINO,TOTAL_TIEMPO,TARIFA_DINAMICA,PROPINA,IVA) values ('13',to_date('22/11/18','DD/MM/RR'),'UberBlack','ANULADO','13','13','2','1744 Nullam Av.','9787 Convallis Street',to_date('13/11/18','DD/MM/RR'),to_date('13/11/18','DD/MM/RR'),'5','T','0','0');
Insert into SERVICIOS (ID,FECHA_VIAJE,TIPO_SERVICIO,ESTADO,CLIENTE_ID,CONDUCTOR_VEHICULO_ID,CIUDAD_ID,DIRECCION_ORIGEN,DIRECCION_DESTINO,FECHA_HORA_ORIGEN,FECHA_HORA_DESTINO,TOTAL_TIEMPO,TARIFA_DINAMICA,PROPINA,IVA) values ('14',to_date('24/11/18','DD/MM/RR'),'UberBlack','REALIZADO','14','14','1','Ap #731-3356 Nulla. Ave','P.O. Box 638, 3438 Sit Rd.',to_date('13/11/18','DD/MM/RR'),to_date('13/11/18','DD/MM/RR'),'2','T','1500','150');
Insert into SERVICIOS (ID,FECHA_VIAJE,TIPO_SERVICIO,ESTADO,CLIENTE_ID,CONDUCTOR_VEHICULO_ID,CIUDAD_ID,DIRECCION_ORIGEN,DIRECCION_DESTINO,FECHA_HORA_ORIGEN,FECHA_HORA_DESTINO,TOTAL_TIEMPO,TARIFA_DINAMICA,PROPINA,IVA) values ('15',to_date('24/11/18','DD/MM/RR'),'UberBlack','REALIZADO','15','15','2','5947 Ultrices. Road','Ap #664-6675 Sapien. Avenue',to_date('13/11/18','DD/MM/RR'),to_date('13/11/18','DD/MM/RR'),'1','T','3800','380');
Insert into SERVICIOS (ID,FECHA_VIAJE,TIPO_SERVICIO,ESTADO,CLIENTE_ID,CONDUCTOR_VEHICULO_ID,CIUDAD_ID,DIRECCION_ORIGEN,DIRECCION_DESTINO,FECHA_HORA_ORIGEN,FECHA_HORA_DESTINO,TOTAL_TIEMPO,TARIFA_DINAMICA,PROPINA,IVA) values ('16',to_date('01/11/18','DD/MM/RR'),'UberX','REALIZADO','16','16','3','9399 Cras Rd.','986-9329 Metus. St.',to_date('13/11/18','DD/MM/RR'),to_date('13/11/18','DD/MM/RR'),'1','F','5250','525');
Insert into SERVICIOS (ID,FECHA_VIAJE,TIPO_SERVICIO,ESTADO,CLIENTE_ID,CONDUCTOR_VEHICULO_ID,CIUDAD_ID,DIRECCION_ORIGEN,DIRECCION_DESTINO,FECHA_HORA_ORIGEN,FECHA_HORA_DESTINO,TOTAL_TIEMPO,TARIFA_DINAMICA,PROPINA,IVA) values ('17',to_date('03/11/18','DD/MM/RR'),'UberX','REALIZADO','17','17','4','5920 Et Rd.','719-5034 Vehicula. Rd.',to_date('13/11/18','DD/MM/RR'),to_date('13/11/18','DD/MM/RR'),'3','F','4700','470');
Insert into SERVICIOS (ID,FECHA_VIAJE,TIPO_SERVICIO,ESTADO,CLIENTE_ID,CONDUCTOR_VEHICULO_ID,CIUDAD_ID,DIRECCION_ORIGEN,DIRECCION_DESTINO,FECHA_HORA_ORIGEN,FECHA_HORA_DESTINO,TOTAL_TIEMPO,TARIFA_DINAMICA,PROPINA,IVA) values ('18',to_date('02/11/18','DD/MM/RR'),'UberBlack','CANCELADO','18','18','1','P.O. Box 688, 3584 Euismod St.','P.O. Box 595, 8921 Magna Road',to_date('13/11/18','DD/MM/RR'),to_date('13/11/18','DD/MM/RR'),'4','T','0','0');
Insert into SERVICIOS (ID,FECHA_VIAJE,TIPO_SERVICIO,ESTADO,CLIENTE_ID,CONDUCTOR_VEHICULO_ID,CIUDAD_ID,DIRECCION_ORIGEN,DIRECCION_DESTINO,FECHA_HORA_ORIGEN,FECHA_HORA_DESTINO,TOTAL_TIEMPO,TARIFA_DINAMICA,PROPINA,IVA) values ('19',to_date('16/11/18','DD/MM/RR'),'UberX','ANULADO','19','19','4','Ap #295-5167 Non, Rd.','1500 Vestibulum Ave',to_date('13/11/18','DD/MM/RR'),to_date('13/11/18','DD/MM/RR'),'2','F','0','0');
Insert into SERVICIOS (ID,FECHA_VIAJE,TIPO_SERVICIO,ESTADO,CLIENTE_ID,CONDUCTOR_VEHICULO_ID,CIUDAD_ID,DIRECCION_ORIGEN,DIRECCION_DESTINO,FECHA_HORA_ORIGEN,FECHA_HORA_DESTINO,TOTAL_TIEMPO,TARIFA_DINAMICA,PROPINA,IVA) values ('20',to_date('25/11/18','DD/MM/RR'),'UberBlack','CANCELADO','20','20','1','338-9796 Risus Road','Ap #289-9721 Lobortis Ave',to_date('13/11/18','DD/MM/RR'),to_date('13/11/18','DD/MM/RR'),'2','T','0','0');
Insert into SERVICIOS (ID,FECHA_VIAJE,TIPO_SERVICIO,ESTADO,CLIENTE_ID,CONDUCTOR_VEHICULO_ID,CIUDAD_ID,DIRECCION_ORIGEN,DIRECCION_DESTINO,FECHA_HORA_ORIGEN,FECHA_HORA_DESTINO,TOTAL_TIEMPO,TARIFA_DINAMICA,PROPINA,IVA) values ('21',to_date('25/11/18','DD/MM/RR'),'UberBlack','ANULADO','21','21','4','P.O. Box 535, 2040 Rutrum. Av.','Ap #754-3470 In Road',to_date('13/11/18','DD/MM/RR'),to_date('13/11/18','DD/MM/RR'),'1','T','0','0');
Insert into SERVICIOS (ID,FECHA_VIAJE,TIPO_SERVICIO,ESTADO,CLIENTE_ID,CONDUCTOR_VEHICULO_ID,CIUDAD_ID,DIRECCION_ORIGEN,DIRECCION_DESTINO,FECHA_HORA_ORIGEN,FECHA_HORA_DESTINO,TOTAL_TIEMPO,TARIFA_DINAMICA,PROPINA,IVA) values ('22',to_date('05/11/18','DD/MM/RR'),'UberX','ANULADO','22','22','2','P.O. Box 713, 192 Mus. Rd.','P.O. Box 179, 2963 Maecenas St.',to_date('13/11/18','DD/MM/RR'),to_date('13/11/18','DD/MM/RR'),'1','F','0','0');
Insert into SERVICIOS (ID,FECHA_VIAJE,TIPO_SERVICIO,ESTADO,CLIENTE_ID,CONDUCTOR_VEHICULO_ID,CIUDAD_ID,DIRECCION_ORIGEN,DIRECCION_DESTINO,FECHA_HORA_ORIGEN,FECHA_HORA_DESTINO,TOTAL_TIEMPO,TARIFA_DINAMICA,PROPINA,IVA) values ('23',to_date('10/11/18','DD/MM/RR'),'UberX','REALIZADO','23','23','3','Ap #714-3881 Et Street','2704 Malesuada Road',to_date('13/11/18','DD/MM/RR'),to_date('13/11/18','DD/MM/RR'),'5','F','6000','600');
Insert into SERVICIOS (ID,FECHA_VIAJE,TIPO_SERVICIO,ESTADO,CLIENTE_ID,CONDUCTOR_VEHICULO_ID,CIUDAD_ID,DIRECCION_ORIGEN,DIRECCION_DESTINO,FECHA_HORA_ORIGEN,FECHA_HORA_DESTINO,TOTAL_TIEMPO,TARIFA_DINAMICA,PROPINA,IVA) values ('24',to_date('09/11/18','DD/MM/RR'),'UberX','REALIZADO','24','24','4','Ap #952-5631 Eu St.','P.O. Box 701, 6616 Lacus. Street',to_date('13/11/18','DD/MM/RR'),to_date('13/11/18','DD/MM/RR'),'1','F','2500','250');
Insert into SERVICIOS (ID,FECHA_VIAJE,TIPO_SERVICIO,ESTADO,CLIENTE_ID,CONDUCTOR_VEHICULO_ID,CIUDAD_ID,DIRECCION_ORIGEN,DIRECCION_DESTINO,FECHA_HORA_ORIGEN,FECHA_HORA_DESTINO,TOTAL_TIEMPO,TARIFA_DINAMICA,PROPINA,IVA) values ('25',to_date('22/11/18','DD/MM/RR'),'UberBlack','ANULADO','25','25','4','Ap #147-2852 Sapien. Road','P.O. Box 389, 449 In Road',to_date('13/11/18','DD/MM/RR'),to_date('13/11/18','DD/MM/RR'),'2','T','0','0');
Insert into SERVICIOS (ID,FECHA_VIAJE,TIPO_SERVICIO,ESTADO,CLIENTE_ID,CONDUCTOR_VEHICULO_ID,CIUDAD_ID,DIRECCION_ORIGEN,DIRECCION_DESTINO,FECHA_HORA_ORIGEN,FECHA_HORA_DESTINO,TOTAL_TIEMPO,TARIFA_DINAMICA,PROPINA,IVA) values ('26',to_date('17/11/18','DD/MM/RR'),'UberBlack','REALIZADO','26','26','1','P.O. Box 618, 5247 Ac St.','7623 Nullam Rd.',to_date('13/11/18','DD/MM/RR'),to_date('13/11/18','DD/MM/RR'),'2','T','3400','340');
Insert into SERVICIOS (ID,FECHA_VIAJE,TIPO_SERVICIO,ESTADO,CLIENTE_ID,CONDUCTOR_VEHICULO_ID,CIUDAD_ID,DIRECCION_ORIGEN,DIRECCION_DESTINO,FECHA_HORA_ORIGEN,FECHA_HORA_DESTINO,TOTAL_TIEMPO,TARIFA_DINAMICA,PROPINA,IVA) values ('27',to_date('29/11/18','DD/MM/RR'),'UberBlack','ANULADO','27','27','3','Ap #904-4849 Lacinia Av.','185-4345 Egestas Avenue',to_date('13/11/18','DD/MM/RR'),to_date('13/11/18','DD/MM/RR'),'2','T','0','0');
Insert into SERVICIOS (ID,FECHA_VIAJE,TIPO_SERVICIO,ESTADO,CLIENTE_ID,CONDUCTOR_VEHICULO_ID,CIUDAD_ID,DIRECCION_ORIGEN,DIRECCION_DESTINO,FECHA_HORA_ORIGEN,FECHA_HORA_DESTINO,TOTAL_TIEMPO,TARIFA_DINAMICA,PROPINA,IVA) values ('28',to_date('29/11/18','DD/MM/RR'),'UberX','REALIZADO','28','28','3','P.O. Box 980, 6528 Placerat, Ave','123-8214 Faucibus St.',to_date('13/11/18','DD/MM/RR'),to_date('13/11/18','DD/MM/RR'),'1','F','1700','170');
Insert into SERVICIOS (ID,FECHA_VIAJE,TIPO_SERVICIO,ESTADO,CLIENTE_ID,CONDUCTOR_VEHICULO_ID,CIUDAD_ID,DIRECCION_ORIGEN,DIRECCION_DESTINO,FECHA_HORA_ORIGEN,FECHA_HORA_DESTINO,TOTAL_TIEMPO,TARIFA_DINAMICA,PROPINA,IVA) values ('29',to_date('30/11/18','DD/MM/RR'),'UberBlack','REALIZADO','29','29','2','P.O. Box 886, 8831 Arcu. St.','1354 Nibh. Rd.',to_date('13/11/18','DD/MM/RR'),to_date('13/11/18','DD/MM/RR'),'3','T','4000','400');
Insert into SERVICIOS (ID,FECHA_VIAJE,TIPO_SERVICIO,ESTADO,CLIENTE_ID,CONDUCTOR_VEHICULO_ID,CIUDAD_ID,DIRECCION_ORIGEN,DIRECCION_DESTINO,FECHA_HORA_ORIGEN,FECHA_HORA_DESTINO,TOTAL_TIEMPO,TARIFA_DINAMICA,PROPINA,IVA) values ('30',to_date('21/11/18','DD/MM/RR'),'UberX','REALIZADO','30','30','3','P.O. Box 460, 7326 Sollicitudin Street','Ap #894-4698 Ante Rd.',to_date('13/11/18','DD/MM/RR'),to_date('13/11/18','DD/MM/RR'),'5','F','4150','415');
Insert into SERVICIOS (ID,FECHA_VIAJE,TIPO_SERVICIO,ESTADO,CLIENTE_ID,CONDUCTOR_VEHICULO_ID,CIUDAD_ID,DIRECCION_ORIGEN,DIRECCION_DESTINO,FECHA_HORA_ORIGEN,FECHA_HORA_DESTINO,TOTAL_TIEMPO,TARIFA_DINAMICA,PROPINA,IVA) values ('31',to_date('13/11/18','DD/MM/RR'),'UberBlack','ANULADO','31','31','2','Ap #100-486 Ligula Street','219-6460 Ac Road',to_date('13/11/18','DD/MM/RR'),to_date('13/11/18','DD/MM/RR'),'5','T','0','0');
Insert into SERVICIOS (ID,FECHA_VIAJE,TIPO_SERVICIO,ESTADO,CLIENTE_ID,CONDUCTOR_VEHICULO_ID,CIUDAD_ID,DIRECCION_ORIGEN,DIRECCION_DESTINO,FECHA_HORA_ORIGEN,FECHA_HORA_DESTINO,TOTAL_TIEMPO,TARIFA_DINAMICA,PROPINA,IVA) values ('32',to_date('21/11/18','DD/MM/RR'),'UberX','REALIZADO','32','32','1','3274 Orci Av.','900-7216 Risus. St.',to_date('13/11/18','DD/MM/RR'),to_date('13/11/18','DD/MM/RR'),'2','F','2100','210');
Insert into SERVICIOS (ID,FECHA_VIAJE,TIPO_SERVICIO,ESTADO,CLIENTE_ID,CONDUCTOR_VEHICULO_ID,CIUDAD_ID,DIRECCION_ORIGEN,DIRECCION_DESTINO,FECHA_HORA_ORIGEN,FECHA_HORA_DESTINO,TOTAL_TIEMPO,TARIFA_DINAMICA,PROPINA,IVA) values ('33',to_date('18/11/18','DD/MM/RR'),'UberX','CANCELADO','33','33','3','458-4613 Aliquet Rd.','Ap #674-2972 Ultricies Road',to_date('13/11/18','DD/MM/RR'),to_date('13/11/18','DD/MM/RR'),'2','F','0','0');
Insert into SERVICIOS (ID,FECHA_VIAJE,TIPO_SERVICIO,ESTADO,CLIENTE_ID,CONDUCTOR_VEHICULO_ID,CIUDAD_ID,DIRECCION_ORIGEN,DIRECCION_DESTINO,FECHA_HORA_ORIGEN,FECHA_HORA_DESTINO,TOTAL_TIEMPO,TARIFA_DINAMICA,PROPINA,IVA) values ('34',to_date('15/11/18','DD/MM/RR'),'UberX','REALIZADO','34','34','4','4108 Erat. Av.','P.O. Box 739, 4227 Non, Avenue',to_date('13/11/18','DD/MM/RR'),to_date('13/11/18','DD/MM/RR'),'4','F','3000','300');
Insert into SERVICIOS (ID,FECHA_VIAJE,TIPO_SERVICIO,ESTADO,CLIENTE_ID,CONDUCTOR_VEHICULO_ID,CIUDAD_ID,DIRECCION_ORIGEN,DIRECCION_DESTINO,FECHA_HORA_ORIGEN,FECHA_HORA_DESTINO,TOTAL_TIEMPO,TARIFA_DINAMICA,PROPINA,IVA) values ('35',to_date('12/11/18','DD/MM/RR'),'UberX','REALIZADO','35','35','1','737-4262 Mi Rd.','Ap #385-1460 Vivamus Road',to_date('13/11/18','DD/MM/RR'),to_date('13/11/18','DD/MM/RR'),'5','F','1000','100');
Insert into SERVICIOS (ID,FECHA_VIAJE,TIPO_SERVICIO,ESTADO,CLIENTE_ID,CONDUCTOR_VEHICULO_ID,CIUDAD_ID,DIRECCION_ORIGEN,DIRECCION_DESTINO,FECHA_HORA_ORIGEN,FECHA_HORA_DESTINO,TOTAL_TIEMPO,TARIFA_DINAMICA,PROPINA,IVA) values ('36',to_date('21/11/18','DD/MM/RR'),'UberX','REALIZADO','36','36','4','9981 Vivamus Road','Ap #195-3078 Ut Street',to_date('13/11/18','DD/MM/RR'),to_date('13/11/18','DD/MM/RR'),'1','F','5000','500');
Insert into SERVICIOS (ID,FECHA_VIAJE,TIPO_SERVICIO,ESTADO,CLIENTE_ID,CONDUCTOR_VEHICULO_ID,CIUDAD_ID,DIRECCION_ORIGEN,DIRECCION_DESTINO,FECHA_HORA_ORIGEN,FECHA_HORA_DESTINO,TOTAL_TIEMPO,TARIFA_DINAMICA,PROPINA,IVA) values ('37',to_date('20/11/18','DD/MM/RR'),'UberX','REALIZADO','37','37','1','P.O. Box 398, 8195 Scelerisque Av.','493-8428 Phasellus St.',to_date('13/11/18','DD/MM/RR'),to_date('13/11/18','DD/MM/RR'),'1','F','3000','300');
Insert into SERVICIOS (ID,FECHA_VIAJE,TIPO_SERVICIO,ESTADO,CLIENTE_ID,CONDUCTOR_VEHICULO_ID,CIUDAD_ID,DIRECCION_ORIGEN,DIRECCION_DESTINO,FECHA_HORA_ORIGEN,FECHA_HORA_DESTINO,TOTAL_TIEMPO,TARIFA_DINAMICA,PROPINA,IVA) values ('38',to_date('14/11/18','DD/MM/RR'),'UberX','ANULADO','38','38','1','P.O. Box 955, 7234 Facilisis Av.','Ap #595-6508 Venenatis St.',to_date('13/11/18','DD/MM/RR'),to_date('13/11/18','DD/MM/RR'),'5','F','0','0');
Insert into SERVICIOS (ID,FECHA_VIAJE,TIPO_SERVICIO,ESTADO,CLIENTE_ID,CONDUCTOR_VEHICULO_ID,CIUDAD_ID,DIRECCION_ORIGEN,DIRECCION_DESTINO,FECHA_HORA_ORIGEN,FECHA_HORA_DESTINO,TOTAL_TIEMPO,TARIFA_DINAMICA,PROPINA,IVA) values ('39',to_date('16/11/18','DD/MM/RR'),'UberBlack','ANULADO','39','39','4','P.O. Box 504, 1073 Sagittis St.','784-5404 Risus. Avenue',to_date('13/11/18','DD/MM/RR'),to_date('13/11/18','DD/MM/RR'),'2','T','0','0');
Insert into SERVICIOS (ID,FECHA_VIAJE,TIPO_SERVICIO,ESTADO,CLIENTE_ID,CONDUCTOR_VEHICULO_ID,CIUDAD_ID,DIRECCION_ORIGEN,DIRECCION_DESTINO,FECHA_HORA_ORIGEN,FECHA_HORA_DESTINO,TOTAL_TIEMPO,TARIFA_DINAMICA,PROPINA,IVA) values ('40',to_date('23/11/18','DD/MM/RR'),'UberBlack','CANCELADO','40','40','4','P.O. Box 167, 8740 Ante St.','124-3256 Urna. Road',to_date('13/11/18','DD/MM/RR'),to_date('13/11/18','DD/MM/RR'),'5','T','0','0');
REM INSERTING into UBICACIONES_SERVICIOS
SET DEFINE OFF;
Insert into UBICACIONES_SERVICIOS (ID,LATITUD,LONGITUD,FECHA_HORA,SERVICIO_ID) values ('1','55.01396','95.97549',to_date('29/06/18','DD/MM/RR'),'1');
Insert into UBICACIONES_SERVICIOS (ID,LATITUD,LONGITUD,FECHA_HORA,SERVICIO_ID) values ('2','55.37406','-102.75388',to_date('19/04/18','DD/MM/RR'),'2');
Insert into UBICACIONES_SERVICIOS (ID,LATITUD,LONGITUD,FECHA_HORA,SERVICIO_ID) values ('3','-45.54766','32.16539',to_date('03/07/18','DD/MM/RR'),'3');
Insert into UBICACIONES_SERVICIOS (ID,LATITUD,LONGITUD,FECHA_HORA,SERVICIO_ID) values ('4','-82.20016','152.38203',to_date('09/08/19','DD/MM/RR'),'4');
Insert into UBICACIONES_SERVICIOS (ID,LATITUD,LONGITUD,FECHA_HORA,SERVICIO_ID) values ('5','-0.64816','-164.36118',to_date('04/08/18','DD/MM/RR'),'5');
Insert into UBICACIONES_SERVICIOS (ID,LATITUD,LONGITUD,FECHA_HORA,SERVICIO_ID) values ('6','-25.91837','-41.22204',to_date('03/08/18','DD/MM/RR'),'6');
Insert into UBICACIONES_SERVICIOS (ID,LATITUD,LONGITUD,FECHA_HORA,SERVICIO_ID) values ('7','16.43392','178.06326',to_date('31/12/17','DD/MM/RR'),'7');
Insert into UBICACIONES_SERVICIOS (ID,LATITUD,LONGITUD,FECHA_HORA,SERVICIO_ID) values ('8','-58.04435','-81.78815',to_date('09/04/19','DD/MM/RR'),'8');
Insert into UBICACIONES_SERVICIOS (ID,LATITUD,LONGITUD,FECHA_HORA,SERVICIO_ID) values ('9','-3.873','-169.55016',to_date('11/04/18','DD/MM/RR'),'9');
Insert into UBICACIONES_SERVICIOS (ID,LATITUD,LONGITUD,FECHA_HORA,SERVICIO_ID) values ('10','-81.27544','-157.89646',to_date('06/08/18','DD/MM/RR'),'10');
Insert into UBICACIONES_SERVICIOS (ID,LATITUD,LONGITUD,FECHA_HORA,SERVICIO_ID) values ('11','-64.45715','-166.83767',to_date('23/06/18','DD/MM/RR'),'11');
Insert into UBICACIONES_SERVICIOS (ID,LATITUD,LONGITUD,FECHA_HORA,SERVICIO_ID) values ('12','49.50404','-56.76782',to_date('17/12/18','DD/MM/RR'),'12');
Insert into UBICACIONES_SERVICIOS (ID,LATITUD,LONGITUD,FECHA_HORA,SERVICIO_ID) values ('13','-39.96324','-83.65427',to_date('29/03/18','DD/MM/RR'),'13');
Insert into UBICACIONES_SERVICIOS (ID,LATITUD,LONGITUD,FECHA_HORA,SERVICIO_ID) values ('14','-11.65433','126.47647',to_date('16/11/17','DD/MM/RR'),'14');
Insert into UBICACIONES_SERVICIOS (ID,LATITUD,LONGITUD,FECHA_HORA,SERVICIO_ID) values ('15','42.9061','-129.05589',to_date('06/11/18','DD/MM/RR'),'15');
Insert into UBICACIONES_SERVICIOS (ID,LATITUD,LONGITUD,FECHA_HORA,SERVICIO_ID) values ('16','-84.50396','121.59897',to_date('08/06/19','DD/MM/RR'),'16');
Insert into UBICACIONES_SERVICIOS (ID,LATITUD,LONGITUD,FECHA_HORA,SERVICIO_ID) values ('17','-14.40067','-147.12367',to_date('12/02/19','DD/MM/RR'),'17');
Insert into UBICACIONES_SERVICIOS (ID,LATITUD,LONGITUD,FECHA_HORA,SERVICIO_ID) values ('18','-51.76863','158.8935',to_date('12/08/18','DD/MM/RR'),'18');
Insert into UBICACIONES_SERVICIOS (ID,LATITUD,LONGITUD,FECHA_HORA,SERVICIO_ID) values ('19','60.74062','-119.93974',to_date('08/03/19','DD/MM/RR'),'19');
Insert into UBICACIONES_SERVICIOS (ID,LATITUD,LONGITUD,FECHA_HORA,SERVICIO_ID) values ('20','-54.29508','104.23351',to_date('25/08/18','DD/MM/RR'),'20');
Insert into UBICACIONES_SERVICIOS (ID,LATITUD,LONGITUD,FECHA_HORA,SERVICIO_ID) values ('21','59.82163','30.77386',to_date('13/01/18','DD/MM/RR'),'21');
Insert into UBICACIONES_SERVICIOS (ID,LATITUD,LONGITUD,FECHA_HORA,SERVICIO_ID) values ('22','-63.73445','-83.50271',to_date('26/07/18','DD/MM/RR'),'22');
Insert into UBICACIONES_SERVICIOS (ID,LATITUD,LONGITUD,FECHA_HORA,SERVICIO_ID) values ('23','-29.38394','-113.96282',to_date('29/08/18','DD/MM/RR'),'23');
Insert into UBICACIONES_SERVICIOS (ID,LATITUD,LONGITUD,FECHA_HORA,SERVICIO_ID) values ('24','-40.31976','-77.75232',to_date('04/03/18','DD/MM/RR'),'24');
Insert into UBICACIONES_SERVICIOS (ID,LATITUD,LONGITUD,FECHA_HORA,SERVICIO_ID) values ('25','46.92061','113.32058',to_date('22/08/19','DD/MM/RR'),'25');
Insert into UBICACIONES_SERVICIOS (ID,LATITUD,LONGITUD,FECHA_HORA,SERVICIO_ID) values ('26','66.44381','95.62805',to_date('26/03/19','DD/MM/RR'),'26');
Insert into UBICACIONES_SERVICIOS (ID,LATITUD,LONGITUD,FECHA_HORA,SERVICIO_ID) values ('27','-29.11837','-0.22464',to_date('18/11/18','DD/MM/RR'),'27');
Insert into UBICACIONES_SERVICIOS (ID,LATITUD,LONGITUD,FECHA_HORA,SERVICIO_ID) values ('28','-44.27353','91.08573',to_date('28/11/18','DD/MM/RR'),'28');
Insert into UBICACIONES_SERVICIOS (ID,LATITUD,LONGITUD,FECHA_HORA,SERVICIO_ID) values ('29','-35.84561','93.52561',to_date('03/11/19','DD/MM/RR'),'29');
Insert into UBICACIONES_SERVICIOS (ID,LATITUD,LONGITUD,FECHA_HORA,SERVICIO_ID) values ('30','22.04003','54.95294',to_date('21/07/18','DD/MM/RR'),'30');
REM INSERTING into USUARIOS
SET DEFINE OFF;
Insert into USUARIOS (ID,TIPO_USUARIO,NOMBRE,UBICACION,LATITUD,LONGITUD,FOTO,LENGUAJE,CODIGO_INVITACION,EMAIL,EMAIL_ALTERNATIVO,TELEFONO) values ('1','CONDUCTOR','Silvestre Gallardo','P.O. Box 306, 156 Libero. Street','28.34876','-52.11187','Silvestre Gallardo.jpg','INGLES','DUU56CAE2RD','id@a.edu','neque.sed.dictum@sapienCrasdolor.com','310-780-8908');
Insert into USUARIOS (ID,TIPO_USUARIO,NOMBRE,UBICACION,LATITUD,LONGITUD,FOTO,LENGUAJE,CODIGO_INVITACION,EMAIL,EMAIL_ALTERNATIVO,TELEFONO) values ('2','CONDUCTOR','Arlette Fuentes','P.O. Box 493, 642 Placerat. Ave','70.4617','-7.0795','Arlette Fuentes.jpg','INGLES','INN38UQM4SS','Nulla.facilisi@MaurisnullaInteger.co.uk','dui.Fusce@est.co.uk','359-570-7787');
Insert into USUARIOS (ID,TIPO_USUARIO,NOMBRE,UBICACION,LATITUD,LONGITUD,FOTO,LENGUAJE,CODIGO_INVITACION,EMAIL,EMAIL_ALTERNATIVO,TELEFONO) values ('3','CLIENTE','Elisa Donoso','Ap #311-5904 Vestibulum Av.','-17.82628','-59.33836','Elisa Donoso.jpg','ESPANOL','WGA84COO1BQ','In@NuncmaurisMorbi.com','ligula.Nullam.enim@nulla.ca','315-365-2481');
Insert into USUARIOS (ID,TIPO_USUARIO,NOMBRE,UBICACION,LATITUD,LONGITUD,FOTO,LENGUAJE,CODIGO_INVITACION,EMAIL,EMAIL_ALTERNATIVO,TELEFONO) values ('4','CLIENTE','Andrea Molina','566-5778 Phasellus Street','76.31101','-169.75064','Andrea Molina.jpg','INGLES','AYG75PSF2GP','tempor@egetlacus.net','Sed.molestie.Sed@ac.com','375-760-4060');
Insert into USUARIOS (ID,TIPO_USUARIO,NOMBRE,UBICACION,LATITUD,LONGITUD,FOTO,LENGUAJE,CODIGO_INVITACION,EMAIL,EMAIL_ALTERNATIVO,TELEFONO) values ('5','CONDUCTOR','Amaia Aravena','Ap #450-8456 Phasellus Road','48.84217','-85.68901','Amaia Aravena.jpg','INGLES','DOQ90MQP2PF','erat.neque.non@Sedauctorodio.edu','ultrices@malesuada.com','380-638-7902');
Insert into USUARIOS (ID,TIPO_USUARIO,NOMBRE,UBICACION,LATITUD,LONGITUD,FOTO,LENGUAJE,CODIGO_INVITACION,EMAIL,EMAIL_ALTERNATIVO,TELEFONO) values ('6','CONDUCTOR','Denis Godoy','506-3010 Velit. Road','-88.3918','-29.80208','Denis Godoy.jpg','INGLES','XYH98YAK7LT','et@egettinciduntdui.net','dolor.vitae.dolor@tristiquepharetraQuisque.ca','386-912-2270');
Insert into USUARIOS (ID,TIPO_USUARIO,NOMBRE,UBICACION,LATITUD,LONGITUD,FOTO,LENGUAJE,CODIGO_INVITACION,EMAIL,EMAIL_ALTERNATIVO,TELEFONO) values ('7','CONDUCTOR','Gilberto Maldonado','Ap #510-7268 Dignissim St.','-18.97833','-113.51519','Gilberto Maldonado.jpg','INGLES','TVW44ZTU9WE','malesuada.ut@amet.com','ipsum@orciconsectetuereuismod.co.uk','343-684-5343');
Insert into USUARIOS (ID,TIPO_USUARIO,NOMBRE,UBICACION,LATITUD,LONGITUD,FOTO,LENGUAJE,CODIGO_INVITACION,EMAIL,EMAIL_ALTERNATIVO,TELEFONO) values ('8','CONDUCTOR','Ines Tapia','344-316 A Road','-48.567','88.25355','Ines Tapia.jpg','INGLES','IFC61DJL4ZR','in.dolor.Fusce@pede.edu','mi.enim.condimentum@loremluctus.co.uk','335-103-5913');
Insert into USUARIOS (ID,TIPO_USUARIO,NOMBRE,UBICACION,LATITUD,LONGITUD,FOTO,LENGUAJE,CODIGO_INVITACION,EMAIL,EMAIL_ALTERNATIVO,TELEFONO) values ('9','CLIENTE','Giulianna Salazar','994-9827 Velit. Avenue','25.91779','-85.2186','Giulianna Salazar.jpg','INGLES','PLK59RVB8RH','nec.luctus.felis@erat.ca','diam.dictum@egestasrhoncus.org','388-874-0730');
Insert into USUARIOS (ID,TIPO_USUARIO,NOMBRE,UBICACION,LATITUD,LONGITUD,FOTO,LENGUAJE,CODIGO_INVITACION,EMAIL,EMAIL_ALTERNATIVO,TELEFONO) values ('10','CLIENTE','Anton Gonzlez','664-1467 Laoreet, Avenue','65.8718','-4.7577','Anton Gonzlez.jpg','INGLES','GEW57ZVD0QZ','consequat.purus@aliquetProin.co.uk','feugiat.placerat.velit@semvitaealiquam.org','355-650-2623');
Insert into USUARIOS (ID,TIPO_USUARIO,NOMBRE,UBICACION,LATITUD,LONGITUD,FOTO,LENGUAJE,CODIGO_INVITACION,EMAIL,EMAIL_ALTERNATIVO,TELEFONO) values ('11','CLIENTE','Gabriella Carvajal','P.O. Box 973, 916 Taciti Rd.','-45.0633','179.80673','Gabriella Carvajal.jpg','INGLES','JJL09MRA8VF','ornare.In@Aeneangravidanunc.edu','vulputate.posuere@vitaenibh.com','338-977-1459');
Insert into USUARIOS (ID,TIPO_USUARIO,NOMBRE,UBICACION,LATITUD,LONGITUD,FOTO,LENGUAJE,CODIGO_INVITACION,EMAIL,EMAIL_ALTERNATIVO,TELEFONO) values ('12','CLIENTE','Samara Alarcn','996-7285 Enim. Avenue','-84.47142','86.59292','Samara Alarcn.jpg','ESPANOL','GEY66XEO8NH','turpis@lobortis.com','feugiat.Sed.nec@eueleifendnec.ca','331-469-7043');
Insert into USUARIOS (ID,TIPO_USUARIO,NOMBRE,UBICACION,LATITUD,LONGITUD,FOTO,LENGUAJE,CODIGO_INVITACION,EMAIL,EMAIL_ALTERNATIVO,TELEFONO) values ('13','CONDUCTOR','Jair Carvajal','5205 Et Rd.','35.22689','120.90798','Jair Carvajal.jpg','ESPANOL','SUP04BJO4ZS','elit.pellentesque.a@lectus.org','sit@estmollisnon.edu','308-522-0601');
Insert into USUARIOS (ID,TIPO_USUARIO,NOMBRE,UBICACION,LATITUD,LONGITUD,FOTO,LENGUAJE,CODIGO_INVITACION,EMAIL,EMAIL_ALTERNATIVO,TELEFONO) values ('14','CLIENTE','Eber Vergara','552-4243 Dui, Avenue','66.55449','-179.69638','Eber Vergara.jpg','INGLES','KVJ03LAE1IT','mollis.dui.in@Namtempordiam.org','eu.lacus.Quisque@dignissim.edu','307-704-5546');
Insert into USUARIOS (ID,TIPO_USUARIO,NOMBRE,UBICACION,LATITUD,LONGITUD,FOTO,LENGUAJE,CODIGO_INVITACION,EMAIL,EMAIL_ALTERNATIVO,TELEFONO) values ('15','CLIENTE','Yanella Lagos','P.O. Box 448, 9543 Natoque St.','-25.39362','-165.59216','Yanella Lagos.jpg','INGLES','RCA38LJS6RS','natoque.penatibus@eterosProin.co.uk','scelerisque.sed.sapien@lobortismauris.net','379-916-2836');
Insert into USUARIOS (ID,TIPO_USUARIO,NOMBRE,UBICACION,LATITUD,LONGITUD,FOTO,LENGUAJE,CODIGO_INVITACION,EMAIL,EMAIL_ALTERNATIVO,TELEFONO) values ('16','CONDUCTOR','Sandra Torres','P.O. Box 695, 6222 Nunc Rd.','-77.17456','-18.03904','Sandra Torres.jpg','ESPANOL','EZQ44QWJ8VI','molestie.in.tempus@Curabitur.net','Quisque.tincidunt@seddolor.ca','307-365-0230');
Insert into USUARIOS (ID,TIPO_USUARIO,NOMBRE,UBICACION,LATITUD,LONGITUD,FOTO,LENGUAJE,CODIGO_INVITACION,EMAIL,EMAIL_ALTERNATIVO,TELEFONO) values ('17','CLIENTE','Raffaella Aravena','821-7923 Lacinia St.','-46.5656','97.18198','Raffaella Aravena.jpg','ESPANOL','IPX47KKB7YS','Aliquam.tincidunt.nunc@necurnasuscipit.co.uk','magna@Namnullamagna.ca','376-138-6827');
Insert into USUARIOS (ID,TIPO_USUARIO,NOMBRE,UBICACION,LATITUD,LONGITUD,FOTO,LENGUAJE,CODIGO_INVITACION,EMAIL,EMAIL_ALTERNATIVO,TELEFONO) values ('18','CLIENTE','Heydan ?lvarez','Ap #403-5132 Nunc Rd.','0.62173','3.64997','Heydan ?lvarez.jpg','INGLES','PYZ18DQF1JZ','hymenaeos@nunc.org','mattis@disparturient.net','314-524-0401');
Insert into USUARIOS (ID,TIPO_USUARIO,NOMBRE,UBICACION,LATITUD,LONGITUD,FOTO,LENGUAJE,CODIGO_INVITACION,EMAIL,EMAIL_ALTERNATIVO,TELEFONO) values ('19','CLIENTE','Cristhian Navarro','Ap #719-1742 Ligula Rd.','19.19727','-74.99138','Cristhian Navarro.jpg','ESPANOL','HIA09BMK6HB','elementum.at@telluseuaugue.net','dolor@enim.com','349-868-1829');
Insert into USUARIOS (ID,TIPO_USUARIO,NOMBRE,UBICACION,LATITUD,LONGITUD,FOTO,LENGUAJE,CODIGO_INVITACION,EMAIL,EMAIL_ALTERNATIVO,TELEFONO) values ('20','CLIENTE','Santos Sandoval','7522 In Street','-84.47569','-179.71239','Santos Sandoval.jpg','INGLES','HQW43UIQ7YQ','risus@magnis.net','augue@estNunclaoreet.org','384-513-4672');
Insert into USUARIOS (ID,TIPO_USUARIO,NOMBRE,UBICACION,LATITUD,LONGITUD,FOTO,LENGUAJE,CODIGO_INVITACION,EMAIL,EMAIL_ALTERNATIVO,TELEFONO) values ('21','CONDUCTOR','Jhoan Flores','4370 Orci, St.','85.0708','45.09917','Jhoan Flores.jpg','INGLES','SCS42TDL3PZ','molestie.in.tempus@volutpatNulla.co.uk','consectetuer.euismod@ametconsectetueradipiscing.edu','374-878-8793');
Insert into USUARIOS (ID,TIPO_USUARIO,NOMBRE,UBICACION,LATITUD,LONGITUD,FOTO,LENGUAJE,CODIGO_INVITACION,EMAIL,EMAIL_ALTERNATIVO,TELEFONO) values ('22','CLIENTE','Nair Vega','4955 Pede. Avenue','76.61175','-165.21022','Nair Vega.jpg','INGLES','BTJ84KDI7HB','tempus@iaculis.org','convallis@urnaetarcu.org','390-477-1554');
Insert into USUARIOS (ID,TIPO_USUARIO,NOMBRE,UBICACION,LATITUD,LONGITUD,FOTO,LENGUAJE,CODIGO_INVITACION,EMAIL,EMAIL_ALTERNATIVO,TELEFONO) values ('23','CLIENTE','Evoleth Carrasco','Ap #522-2862 Libero. Rd.','-65.59261','-152.46859','Evoleth Carrasco.jpg','INGLES','BWA69KYB3FO','nisl@feugiatmetus.edu','et@Innecorci.edu','332-499-5884');
Insert into USUARIOS (ID,TIPO_USUARIO,NOMBRE,UBICACION,LATITUD,LONGITUD,FOTO,LENGUAJE,CODIGO_INVITACION,EMAIL,EMAIL_ALTERNATIVO,TELEFONO) values ('24','CONDUCTOR','Victor ?lvarez','P.O. Box 826, 4015 Urna. Av.','-65.90669','-119.74461','Victor ?lvarez.jpg','ESPANOL','MZR28IST5LF','orci.adipiscing.non@Donecnon.net','dui.Cum.sociis@Aliquamauctor.edu','309-413-0436');
Insert into USUARIOS (ID,TIPO_USUARIO,NOMBRE,UBICACION,LATITUD,LONGITUD,FOTO,LENGUAJE,CODIGO_INVITACION,EMAIL,EMAIL_ALTERNATIVO,TELEFONO) values ('25','CLIENTE','Damian Pea','399-4643 Egestas St.','-35.07778','-97.45947','Damian Pea.jpg','ESPANOL','GIH59FBR5WV','varius.Nam.porttitor@tristique.edu','sodales.Mauris@sed.net','364-837-1461');
Insert into USUARIOS (ID,TIPO_USUARIO,NOMBRE,UBICACION,LATITUD,LONGITUD,FOTO,LENGUAJE,CODIGO_INVITACION,EMAIL,EMAIL_ALTERNATIVO,TELEFONO) values ('26','CLIENTE','Evelin Jara','3377 Velit Av.','-62.5849','-0.55418','Evelin Jara.jpg','INGLES','EUK00WOF6OE','ante.ipsum.primis@cursus.co.uk','mauris.blandit.mattis@Fuscemi.edu','380-924-1570');
Insert into USUARIOS (ID,TIPO_USUARIO,NOMBRE,UBICACION,LATITUD,LONGITUD,FOTO,LENGUAJE,CODIGO_INVITACION,EMAIL,EMAIL_ALTERNATIVO,TELEFONO) values ('27','CLIENTE','Eder Palma','270-6990 Dictum Road','74.72404','-42.03714','Eder Palma.jpg','ESPANOL','QAA35AQC2AR','non.magna@Phasellusvitaemauris.com','semper@fringillaporttitorvulputate.ca','301-739-7559');
Insert into USUARIOS (ID,TIPO_USUARIO,NOMBRE,UBICACION,LATITUD,LONGITUD,FOTO,LENGUAJE,CODIGO_INVITACION,EMAIL,EMAIL_ALTERNATIVO,TELEFONO) values ('28','CONDUCTOR','Britany Castillo','P.O. Box 210, 1754 Cras Rd.','-81.52575','-38.93818','Britany Castillo.jpg','ESPANOL','UZF27CUU3AV','dis@arcuVestibulumante.net','non@ligula.net','308-599-2433');
Insert into USUARIOS (ID,TIPO_USUARIO,NOMBRE,UBICACION,LATITUD,LONGITUD,FOTO,LENGUAJE,CODIGO_INVITACION,EMAIL,EMAIL_ALTERNATIVO,TELEFONO) values ('29','CLIENTE','Norman Snchez','Ap #814-3865 Amet Av.','-23.15866','-24.20799','Norman Snchez.jpg','INGLES','GSZ06STL9IE','magna.Cras@in.ca','interdum.Sed@sociosquad.org','345-846-4501');
Insert into USUARIOS (ID,TIPO_USUARIO,NOMBRE,UBICACION,LATITUD,LONGITUD,FOTO,LENGUAJE,CODIGO_INVITACION,EMAIL,EMAIL_ALTERNATIVO,TELEFONO) values ('30','CLIENTE','Abel San Martn','Ap #351-7046 Placerat Road','-27.87537','-94.37451','Abel San Martn.jpg','INGLES','IVJ33OKM8VF','at.iaculis@nunc.co.uk','facilisis.lorem.tristique@enimNuncut.com','361-670-0476');
Insert into USUARIOS (ID,TIPO_USUARIO,NOMBRE,UBICACION,LATITUD,LONGITUD,FOTO,LENGUAJE,CODIGO_INVITACION,EMAIL,EMAIL_ALTERNATIVO,TELEFONO) values ('31','CLIENTE','Ancel Poblete','P.O. Box 363, 695 Duis St.','7.15923','-149.10553','Ancel Poblete.jpg','INGLES','CBG20VMT3FD','ac@Crasvulputatevelit.net','nec@liberoProin.co.uk','377-186-6654');
Insert into USUARIOS (ID,TIPO_USUARIO,NOMBRE,UBICACION,LATITUD,LONGITUD,FOTO,LENGUAJE,CODIGO_INVITACION,EMAIL,EMAIL_ALTERNATIVO,TELEFONO) values ('32','CLIENTE','Domingo Daz','845 Nullam Rd.','-16.77142','-121.57941','Domingo Daz.jpg','INGLES','ENX58PZU7LH','fringilla.Donec.feugiat@nisimagna.com','Aliquam.rutrum@atvelit.org','335-545-0599');
Insert into USUARIOS (ID,TIPO_USUARIO,NOMBRE,UBICACION,LATITUD,LONGITUD,FOTO,LENGUAJE,CODIGO_INVITACION,EMAIL,EMAIL_ALTERNATIVO,TELEFONO) values ('33','CONDUCTOR','Humberto Salinas','Ap #182-6225 Mollis. Rd.','-7.36552','-122.86278','Humberto Salinas.jpg','INGLES','HPC30OPQ9AZ','Praesent.eu@ligulaDonecluctus.ca','nunc.sed@neccursusa.edu','308-643-8298');
Insert into USUARIOS (ID,TIPO_USUARIO,NOMBRE,UBICACION,LATITUD,LONGITUD,FOTO,LENGUAJE,CODIGO_INVITACION,EMAIL,EMAIL_ALTERNATIVO,TELEFONO) values ('34','CONDUCTOR','Yamila Nez','5119 Sapien. Rd.','67.08867','128.29955','Yamila Nez.jpg','INGLES','TUK01YPS9QR','elit@ac.com','nunc.ullamcorper.eu@ornare.com','383-310-3069');
Insert into USUARIOS (ID,TIPO_USUARIO,NOMBRE,UBICACION,LATITUD,LONGITUD,FOTO,LENGUAJE,CODIGO_INVITACION,EMAIL,EMAIL_ALTERNATIVO,TELEFONO) values ('35','CONDUCTOR','Erik Nez','P.O. Box 201, 9779 Leo. Av.','54.02504','-94.1099','Erik Nez.jpg','INGLES','NOG13SBP2JX','Aliquam.adipiscing.lobortis@diamDuis.org','nulla@etnuncQuisque.com','357-889-6492');
Insert into USUARIOS (ID,TIPO_USUARIO,NOMBRE,UBICACION,LATITUD,LONGITUD,FOTO,LENGUAJE,CODIGO_INVITACION,EMAIL,EMAIL_ALTERNATIVO,TELEFONO) values ('36','CLIENTE','Erick Morales','Ap #117-4517 Magna. St.','-77.8066','-40.28721','Erick Morales.jpg','ESPANOL','KGV74OKW7DA','eget.lacus.Mauris@Duisgravida.net','Aenean.gravida.nunc@montes.org','333-388-9258');
Insert into USUARIOS (ID,TIPO_USUARIO,NOMBRE,UBICACION,LATITUD,LONGITUD,FOTO,LENGUAJE,CODIGO_INVITACION,EMAIL,EMAIL_ALTERNATIVO,TELEFONO) values ('37','CONDUCTOR','Maithe Miranda','333-9469 Libero. St.','25.16186','70.03385','Maithe Miranda.jpg','INGLES','JNK60IVR0PE','ante@luctusut.net','auctor.velit.eget@Maurisvelturpis.edu','387-676-5381');
Insert into USUARIOS (ID,TIPO_USUARIO,NOMBRE,UBICACION,LATITUD,LONGITUD,FOTO,LENGUAJE,CODIGO_INVITACION,EMAIL,EMAIL_ALTERNATIVO,TELEFONO) values ('38','CLIENTE','Pa Alarcn','Ap #175-6361 Sagittis Avenue','-60.31511','71.77127','Pa Alarcn.jpg','ESPANOL','IFK47SRP3WZ','vulputate.risus.a@erat.ca','vitae.aliquet@rutrum.org','382-325-2231');
Insert into USUARIOS (ID,TIPO_USUARIO,NOMBRE,UBICACION,LATITUD,LONGITUD,FOTO,LENGUAJE,CODIGO_INVITACION,EMAIL,EMAIL_ALTERNATIVO,TELEFONO) values ('39','CLIENTE','Raquel Romero','984 Ornare St.','88.35792','-164.30804','Raquel Romero.jpg','ESPANOL','RSZ99ERJ2UP','dui@quisaccumsanconvallis.net','dictum.augue.malesuada@sedorci.com','347-100-3398');
Insert into USUARIOS (ID,TIPO_USUARIO,NOMBRE,UBICACION,LATITUD,LONGITUD,FOTO,LENGUAJE,CODIGO_INVITACION,EMAIL,EMAIL_ALTERNATIVO,TELEFONO) values ('40','CONDUCTOR','Rafaella Orellana','6066 Dolor Road','12.99575','107.46222','Rafaella Orellana.jpg','ESPANOL','SZN15UGI2AK','feugiat@enim.net','sed.dui.Fusce@nonjustoProin.ca','391-415-3161');
Insert into USUARIOS (ID,TIPO_USUARIO,NOMBRE,UBICACION,LATITUD,LONGITUD,FOTO,LENGUAJE,CODIGO_INVITACION,EMAIL,EMAIL_ALTERNATIVO,TELEFONO) values ('41','CONDUCTOR','Fransheska Navarro','P.O. Box 271, 7029 Vel, Avenue','73.83863','-23.39043','Fransheska Navarro.jpg','ESPANOL','JRJ30YOP7GA','augue.eu.tempor@urnasuscipit.edu','lectus.Cum@neceleifend.edu','340-571-6512');
Insert into USUARIOS (ID,TIPO_USUARIO,NOMBRE,UBICACION,LATITUD,LONGITUD,FOTO,LENGUAJE,CODIGO_INVITACION,EMAIL,EMAIL_ALTERNATIVO,TELEFONO) values ('42','CLIENTE','Marcial Romero','777-4399 Dolor Street','-84.09349','-165.63854','Marcial Romero.jpg','INGLES','NJV64DPZ1AX','semper.cursus.Integer@esttempor.com','fermentum@rhoncusNullamvelit.ca','349-589-9453');
Insert into USUARIOS (ID,TIPO_USUARIO,NOMBRE,UBICACION,LATITUD,LONGITUD,FOTO,LENGUAJE,CODIGO_INVITACION,EMAIL,EMAIL_ALTERNATIVO,TELEFONO) values ('43','CLIENTE','Brian Aravena','Ap #100-7064 Leo, Avenue','11.79068','-112.07963','Brian Aravena.jpg','INGLES','LTS96FIK1WA','turpis.non@DonecegestasAliquam.net','semper@consequat.org','336-959-7976');
Insert into USUARIOS (ID,TIPO_USUARIO,NOMBRE,UBICACION,LATITUD,LONGITUD,FOTO,LENGUAJE,CODIGO_INVITACION,EMAIL,EMAIL_ALTERNATIVO,TELEFONO) values ('44','CONDUCTOR','Yamilet Rojas','Ap #506-7431 Sociosqu St.','41.41775','54.44436','Yamilet Rojas.jpg','ESPANOL','YYV11QNJ6ES','mauris@mollisPhasellus.org','eleifend.vitae@acfermentumvel.co.uk','322-598-0560');
Insert into USUARIOS (ID,TIPO_USUARIO,NOMBRE,UBICACION,LATITUD,LONGITUD,FOTO,LENGUAJE,CODIGO_INVITACION,EMAIL,EMAIL_ALTERNATIVO,TELEFONO) values ('45','CLIENTE','Walter Miranda','P.O. Box 941, 8231 Imperdiet Rd.','45.52174','135.95889','Walter Miranda.jpg','INGLES','WIA67ABL6GB','pede.Cum.sociis@laoreetipsumCurabitur.com','parturient@iaculis.org','325-160-4238');
Insert into USUARIOS (ID,TIPO_USUARIO,NOMBRE,UBICACION,LATITUD,LONGITUD,FOTO,LENGUAJE,CODIGO_INVITACION,EMAIL,EMAIL_ALTERNATIVO,TELEFONO) values ('46','CLIENTE','Estela Salinas','Ap #803-531 Sodales. Rd.','-32.32018','31.71095','Estela Salinas.jpg','INGLES','SXR41ZJF4GF','tristique@accumsanconvallis.net','eget.venenatis.a@mauris.net','388-469-0654');
Insert into USUARIOS (ID,TIPO_USUARIO,NOMBRE,UBICACION,LATITUD,LONGITUD,FOTO,LENGUAJE,CODIGO_INVITACION,EMAIL,EMAIL_ALTERNATIVO,TELEFONO) values ('47','CLIENTE','Jhordan Aravena','1362 Tellus, Ave','-83.55984','126.79122','Jhordan Aravena.jpg','INGLES','AXA63FYN5SF','orci@elementumpurusaccumsan.org','a@ametmetusAliquam.net','355-940-2263');
Insert into USUARIOS (ID,TIPO_USUARIO,NOMBRE,UBICACION,LATITUD,LONGITUD,FOTO,LENGUAJE,CODIGO_INVITACION,EMAIL,EMAIL_ALTERNATIVO,TELEFONO) values ('48','CONDUCTOR','Iigo Martnez','505-1098 Vivamus St.','58.11314','-51.4706','Iigo Martnez.jpg','ESPANOL','EXM00JIW5QP','sit.amet@Donecelementum.edu','volutpat@ipsum.org','315-247-5074');
Insert into USUARIOS (ID,TIPO_USUARIO,NOMBRE,UBICACION,LATITUD,LONGITUD,FOTO,LENGUAJE,CODIGO_INVITACION,EMAIL,EMAIL_ALTERNATIVO,TELEFONO) values ('49','CLIENTE','Yhan Gmez','897-8179 Nibh. Ave','-3.02249','138.31316','Yhan Gmez.jpg','INGLES','JCZ06DUB6RU','elit@nislNulla.edu','risus.Morbi.metus@consectetuer.com','350-394-1020');
Insert into USUARIOS (ID,TIPO_USUARIO,NOMBRE,UBICACION,LATITUD,LONGITUD,FOTO,LENGUAJE,CODIGO_INVITACION,EMAIL,EMAIL_ALTERNATIVO,TELEFONO) values ('50','CONDUCTOR','Muriel Bustamante','P.O. Box 780, 7372 Ut, Rd.','-16.4897','145.44127','Muriel Bustamante.jpg','INGLES','WHU90BTW9AV','Quisque.libero@Aliquamtinciduntnunc.net','feugiat.metus.sit@tinciduntnequevitae.edu','389-130-3341');
Insert into USUARIOS (ID,TIPO_USUARIO,NOMBRE,UBICACION,LATITUD,LONGITUD,FOTO,LENGUAJE,CODIGO_INVITACION,EMAIL,EMAIL_ALTERNATIVO,TELEFONO) values ('51','CONDUCTOR','Isa Ortega','517-243 Sodales St.','69.64429','-165.37968','Isa Ortega.jpg','INGLES','CRG44HTX8UD','Sed.eu.nibh@Vestibulumanteipsum.ca','commodo.auctor.velit@ametmetusAliquam.net','363-300-7246');
Insert into USUARIOS (ID,TIPO_USUARIO,NOMBRE,UBICACION,LATITUD,LONGITUD,FOTO,LENGUAJE,CODIGO_INVITACION,EMAIL,EMAIL_ALTERNATIVO,TELEFONO) values ('52','CONDUCTOR','Dustin Daz','Ap #236-4508 Ridiculus Street','27.9381','-54.75576','Dustin Daz.jpg','INGLES','MFF00UFO4QI','Maecenas.ornare@dapibus.com','leo@etcommodoat.ca','377-268-8523');
Insert into USUARIOS (ID,TIPO_USUARIO,NOMBRE,UBICACION,LATITUD,LONGITUD,FOTO,LENGUAJE,CODIGO_INVITACION,EMAIL,EMAIL_ALTERNATIVO,TELEFONO) values ('53','CLIENTE','Ruth Garrido','P.O. Box 755, 6580 Ac St.','-39.53702','38.13479','Ruth Garrido.jpg','ESPANOL','GVV73BLG1WO','interdum.enim.non@ornare.ca','Sed@pharetrased.com','381-846-9449');
Insert into USUARIOS (ID,TIPO_USUARIO,NOMBRE,UBICACION,LATITUD,LONGITUD,FOTO,LENGUAJE,CODIGO_INVITACION,EMAIL,EMAIL_ALTERNATIVO,TELEFONO) values ('54','CLIENTE','Yojhan Vargas','Ap #792-1322 Odio. Road','59.98497','136.99604','Yojhan Vargas.jpg','ESPANOL','OLQ29TUV4XC','ultrices.iaculis.odio@arcu.net','a.sollicitudin@InfaucibusMorbi.com','351-907-0256');
Insert into USUARIOS (ID,TIPO_USUARIO,NOMBRE,UBICACION,LATITUD,LONGITUD,FOTO,LENGUAJE,CODIGO_INVITACION,EMAIL,EMAIL_ALTERNATIVO,TELEFONO) values ('55','CONDUCTOR','Alejandra Ruiz','479-6656 Neque Rd.','-47.33451','-43.51711','Alejandra Ruiz.jpg','INGLES','EJH30HWN7ZU','tellus@velpedeblandit.ca','scelerisque.scelerisque.dui@tempuslorem.ca','364-623-0599');
Insert into USUARIOS (ID,TIPO_USUARIO,NOMBRE,UBICACION,LATITUD,LONGITUD,FOTO,LENGUAJE,CODIGO_INVITACION,EMAIL,EMAIL_ALTERNATIVO,TELEFONO) values ('56','CONDUCTOR','Adriel Aravena','Ap #856-2331 Lobortis Avenue','74.95728','97.62634','Adriel Aravena.jpg','INGLES','JBQ24JFH6LW','orci.lacus.vestibulum@laciniaatiaculis.edu','Donec.nibh@tristiquealiquet.co.uk','392-347-8649');
Insert into USUARIOS (ID,TIPO_USUARIO,NOMBRE,UBICACION,LATITUD,LONGITUD,FOTO,LENGUAJE,CODIGO_INVITACION,EMAIL,EMAIL_ALTERNATIVO,TELEFONO) values ('57','CONDUCTOR','Jhostin Molina','7610 Elit. Av.','12.8117','135.32295','Jhostin Molina.jpg','ESPANOL','PUY47TRW1AA','sit.amet@ligula.edu','dolor@necurnasuscipit.com','317-244-4369');
Insert into USUARIOS (ID,TIPO_USUARIO,NOMBRE,UBICACION,LATITUD,LONGITUD,FOTO,LENGUAJE,CODIGO_INVITACION,EMAIL,EMAIL_ALTERNATIVO,TELEFONO) values ('58','CONDUCTOR','Jovany Vega','Ap #755-138 Facilisis. Ave','28.52959','140.58872','Jovany Vega.jpg','INGLES','NKJ45SWQ7AN','ante.Maecenas.mi@lobortisultricesVivamus.co.uk','sollicitudin@urnaNullam.ca','329-938-8268');
Insert into USUARIOS (ID,TIPO_USUARIO,NOMBRE,UBICACION,LATITUD,LONGITUD,FOTO,LENGUAJE,CODIGO_INVITACION,EMAIL,EMAIL_ALTERNATIVO,TELEFONO) values ('59','CONDUCTOR','Luna Lpez','P.O. Box 423, 4349 Lacus. Road','37.27449','65.95282','Luna Lpez.jpg','INGLES','BRO28JVT6KX','tincidunt@in.co.uk','ut.mi@In.edu','394-432-4687');
Insert into USUARIOS (ID,TIPO_USUARIO,NOMBRE,UBICACION,LATITUD,LONGITUD,FOTO,LENGUAJE,CODIGO_INVITACION,EMAIL,EMAIL_ALTERNATIVO,TELEFONO) values ('60','CONDUCTOR','Samira Soto','8398 Odio Av.','-81.92788','79.8977','Samira Soto.jpg','INGLES','GBV82KJU3BX','lacinia.vitae@dolorelitpellentesque.edu','enim.commodo.hendrerit@sitametnulla.co.uk','300-734-3953');
Insert into USUARIOS (ID,TIPO_USUARIO,NOMBRE,UBICACION,LATITUD,LONGITUD,FOTO,LENGUAJE,CODIGO_INVITACION,EMAIL,EMAIL_ALTERNATIVO,TELEFONO) values ('61','CONDUCTOR','Madelein Rivera','858-484 Vel, Av.','38.0516','122.39801','Madelein Rivera.jpg','INGLES','LZU14TAY5VQ','massa.Integer@nislMaecenasmalesuada.net','Curabitur.massa.Vestibulum@natoquepenatibus.edu','350-398-0081');
Insert into USUARIOS (ID,TIPO_USUARIO,NOMBRE,UBICACION,LATITUD,LONGITUD,FOTO,LENGUAJE,CODIGO_INVITACION,EMAIL,EMAIL_ALTERNATIVO,TELEFONO) values ('62','CLIENTE','Julian Vera','P.O. Box 527, 2042 Cursus Avenue','31.92337','30.29122','Julian Vera.jpg','ESPANOL','LWG80GFP6GN','odio@Vivamus.org','varius.orci.in@risus.ca','368-830-1577');
Insert into USUARIOS (ID,TIPO_USUARIO,NOMBRE,UBICACION,LATITUD,LONGITUD,FOTO,LENGUAJE,CODIGO_INVITACION,EMAIL,EMAIL_ALTERNATIVO,TELEFONO) values ('63','CLIENTE','Aylen Lagos','686 Aliquet, Av.','10.92254','-139.3929','Aylen Lagos.jpg','ESPANOL','PEF21OGT2JG','vitae.dolor.Donec@egetvarius.edu','dapibus.rutrum.justo@orciluctus.org','389-165-1970');
Insert into USUARIOS (ID,TIPO_USUARIO,NOMBRE,UBICACION,LATITUD,LONGITUD,FOTO,LENGUAJE,CODIGO_INVITACION,EMAIL,EMAIL_ALTERNATIVO,TELEFONO) values ('64','CONDUCTOR','Abram Henrquez','1962 Penatibus St.','66.44491','-175.75036','Abram Henrquez.jpg','INGLES','VOF50RFV6CH','ullamcorper@Nullainterdum.co.uk','in.tempus@Quisque.org','348-209-5597');
Insert into USUARIOS (ID,TIPO_USUARIO,NOMBRE,UBICACION,LATITUD,LONGITUD,FOTO,LENGUAJE,CODIGO_INVITACION,EMAIL,EMAIL_ALTERNATIVO,TELEFONO) values ('65','CLIENTE','Heber Moreno','P.O. Box 938, 6273 Mauris Rd.','67.4096','143.85136','Heber Moreno.jpg','ESPANOL','KVJ44DDX4BS','Vestibulum.ut@purusMaecenas.org','Nulla@tellusSuspendissesed.co.uk','302-978-6060');
Insert into USUARIOS (ID,TIPO_USUARIO,NOMBRE,UBICACION,LATITUD,LONGITUD,FOTO,LENGUAJE,CODIGO_INVITACION,EMAIL,EMAIL_ALTERNATIVO,TELEFONO) values ('66','CONDUCTOR','Nicolas Romero','P.O. Box 365, 7207 Hendrerit Av.','-28.05163','103.85047','Nicolas Romero.jpg','INGLES','XXM81LAT0CZ','Cum.sociis@lectusCumsociis.org','fringilla.est@Aliquam.org','343-214-7770');
Insert into USUARIOS (ID,TIPO_USUARIO,NOMBRE,UBICACION,LATITUD,LONGITUD,FOTO,LENGUAJE,CODIGO_INVITACION,EMAIL,EMAIL_ALTERNATIVO,TELEFONO) values ('67','CONDUCTOR','Debora Campos','7747 Proin Ave','43.62306','121.32578','Debora Campos.jpg','INGLES','JQA33ANE2CP','nulla@nec.org','in.lobortis@malesuadaid.co.uk','330-741-3094');
Insert into USUARIOS (ID,TIPO_USUARIO,NOMBRE,UBICACION,LATITUD,LONGITUD,FOTO,LENGUAJE,CODIGO_INVITACION,EMAIL,EMAIL_ALTERNATIVO,TELEFONO) values ('68','CLIENTE','Jairo Bustamante','P.O. Box 241, 9278 Eget St.','67.84866','-3.34449','Jairo Bustamante.jpg','INGLES','YLE05BWO4MR','ultrices@egestasrhoncusProin.ca','Duis@volutpatNulla.net','370-325-6829');
Insert into USUARIOS (ID,TIPO_USUARIO,NOMBRE,UBICACION,LATITUD,LONGITUD,FOTO,LENGUAJE,CODIGO_INVITACION,EMAIL,EMAIL_ALTERNATIVO,TELEFONO) values ('69','CLIENTE','Anahiz Hernndez','P.O. Box 962, 9035 Duis Road','-37.1999','4.58777','Anahiz Hernndez.jpg','INGLES','TJI75JLE0ZC','pede@Nullam.ca','aliquam.arcu.Aliquam@eleifendnecmalesuada.co.uk','327-240-0546');
Insert into USUARIOS (ID,TIPO_USUARIO,NOMBRE,UBICACION,LATITUD,LONGITUD,FOTO,LENGUAJE,CODIGO_INVITACION,EMAIL,EMAIL_ALTERNATIVO,TELEFONO) values ('70','CONDUCTOR','Anahy Sanhueza','Ap #479-7125 Cum Ave','-37.37741','-120.69827','Anahy Sanhueza.jpg','ESPANOL','CUX85EAX0LG','ornare.egestas@mi.net','Donec.non.justo@interdumligulaeu.co.uk','312-107-6272');
Insert into USUARIOS (ID,TIPO_USUARIO,NOMBRE,UBICACION,LATITUD,LONGITUD,FOTO,LENGUAJE,CODIGO_INVITACION,EMAIL,EMAIL_ALTERNATIVO,TELEFONO) values ('71','CONDUCTOR','Matias Olivares','P.O. Box 661, 9681 Fusce St.','17.41732','51.82955','Matias Olivares.jpg','ESPANOL','KMG45SZD8PA','dolor.Quisque.tincidunt@Nulla.net','Donec.dignissim.magna@atarcu.org','318-457-2959');
Insert into USUARIOS (ID,TIPO_USUARIO,NOMBRE,UBICACION,LATITUD,LONGITUD,FOTO,LENGUAJE,CODIGO_INVITACION,EMAIL,EMAIL_ALTERNATIVO,TELEFONO) values ('72','CLIENTE','Austin Corts','868-1524 Mauris St.','-14.77879','28.32698','Austin Corts.jpg','INGLES','IIM40LQA4GJ','dolor.Fusce@Morbi.ca','consequat.purus.Maecenas@dictum.ca','384-772-7781');
Insert into USUARIOS (ID,TIPO_USUARIO,NOMBRE,UBICACION,LATITUD,LONGITUD,FOTO,LENGUAJE,CODIGO_INVITACION,EMAIL,EMAIL_ALTERNATIVO,TELEFONO) values ('73','CLIENTE','Oliver Aguilera','654-6454 Commodo Rd.','0.47852','-3.38678','Oliver Aguilera.jpg','ESPANOL','SGG52GCV3JD','tellus.Suspendisse@loremauctor.ca','habitant.morbi.tristique@Morbineque.ca','397-475-6221');
Insert into USUARIOS (ID,TIPO_USUARIO,NOMBRE,UBICACION,LATITUD,LONGITUD,FOTO,LENGUAJE,CODIGO_INVITACION,EMAIL,EMAIL_ALTERNATIVO,TELEFONO) values ('74','CONDUCTOR','Isaias Faras','Ap #587-5756 Ultrices, Av.','11.7482','-26.41647','Isaias Faras.jpg','INGLES','HKF75IJU9VD','pharetra@mauris.edu','a.malesuada@vel.edu','330-525-3589');
Insert into USUARIOS (ID,TIPO_USUARIO,NOMBRE,UBICACION,LATITUD,LONGITUD,FOTO,LENGUAJE,CODIGO_INVITACION,EMAIL,EMAIL_ALTERNATIVO,TELEFONO) values ('75','CLIENTE','Kimberly Snchez','P.O. Box 749, 5983 Mi Road','28.52237','26.72976','Kimberly Snchez.jpg','ESPANOL','UMH19FKS6FD','risus.Donec@Morbi.org','malesuada.augue.ut@enim.com','316-403-0498');
Insert into USUARIOS (ID,TIPO_USUARIO,NOMBRE,UBICACION,LATITUD,LONGITUD,FOTO,LENGUAJE,CODIGO_INVITACION,EMAIL,EMAIL_ALTERNATIVO,TELEFONO) values ('76','CLIENTE','Emilia Toro','763-4989 Pharetra, Road','-58.1496','-24.43838','Emilia Toro.jpg','ESPANOL','AND86SJG2FD','mollis.non.cursus@egestas.net','dictum@habitantmorbitristique.ca','332-453-0948');
Insert into USUARIOS (ID,TIPO_USUARIO,NOMBRE,UBICACION,LATITUD,LONGITUD,FOTO,LENGUAJE,CODIGO_INVITACION,EMAIL,EMAIL_ALTERNATIVO,TELEFONO) values ('77','CONDUCTOR','Rayn Ramrez','P.O. Box 311, 3180 Sit St.','-71.33225','-126.73537','Rayn Ramrez.jpg','INGLES','QGT66KLY1DQ','et.eros@nequevenenatis.org','consectetuer.adipiscing.elit@ullamcorper.edu','332-269-0332');
Insert into USUARIOS (ID,TIPO_USUARIO,NOMBRE,UBICACION,LATITUD,LONGITUD,FOTO,LENGUAJE,CODIGO_INVITACION,EMAIL,EMAIL_ALTERNATIVO,TELEFONO) values ('78','CONDUCTOR','Anahiz Campos','Ap #674-2011 Nulla Av.','-35.06859','47.19057','Anahiz Campos.jpg','ESPANOL','OOH64LEH1XO','nonummy@vulputate.com','ante.dictum@consectetueradipiscingelit.org','318-959-0792');
Insert into USUARIOS (ID,TIPO_USUARIO,NOMBRE,UBICACION,LATITUD,LONGITUD,FOTO,LENGUAJE,CODIGO_INVITACION,EMAIL,EMAIL_ALTERNATIVO,TELEFONO) values ('79','CLIENTE','Amador Daz','6964 Tincidunt Avenue','-79.25673','-99.42263','Amador Daz.jpg','INGLES','FOF54QFL5VU','dolor@dictumplacerat.edu','in@Donectincidunt.ca','311-885-6202');
Insert into USUARIOS (ID,TIPO_USUARIO,NOMBRE,UBICACION,LATITUD,LONGITUD,FOTO,LENGUAJE,CODIGO_INVITACION,EMAIL,EMAIL_ALTERNATIVO,TELEFONO) values ('80','CLIENTE','Borja Venegas','1157 Fames Av.','-83.62249','-23.85739','Borja Venegas.jpg','ESPANOL','PJV59UBQ4CM','tempor.bibendum.Donec@elementumsem.com','Cras@a.ca','312-603-1134');
Insert into USUARIOS (ID,TIPO_USUARIO,NOMBRE,UBICACION,LATITUD,LONGITUD,FOTO,LENGUAJE,CODIGO_INVITACION,EMAIL,EMAIL_ALTERNATIVO,TELEFONO) values ('81','CONDUCTOR','Martha Lpez','676-9520 Eget, Ave','-32.42222','92.1512','Martha Lpez.jpg','ESPANOL','FZG71IEK2OI','sit.amet@venenatis.edu','tortor.dictum.eu@lacinia.co.uk','380-216-3111');
Insert into USUARIOS (ID,TIPO_USUARIO,NOMBRE,UBICACION,LATITUD,LONGITUD,FOTO,LENGUAJE,CODIGO_INVITACION,EMAIL,EMAIL_ALTERNATIVO,TELEFONO) values ('82','CONDUCTOR','Nahir Leiva','P.O. Box 730, 8080 In Street','-60.94085','-147.4528','Nahir Leiva.jpg','ESPANOL','VAH46KJS7QH','Aliquam.tincidunt.nunc@sem.ca','egestas.rhoncus.Proin@et.com','345-297-9696');
Insert into USUARIOS (ID,TIPO_USUARIO,NOMBRE,UBICACION,LATITUD,LONGITUD,FOTO,LENGUAJE,CODIGO_INVITACION,EMAIL,EMAIL_ALTERNATIVO,TELEFONO) values ('83','CLIENTE','Cristhoper Muoz','P.O. Box 691, 9630 Fames St.','-30.19561','102.01437','Cristhoper Muoz.jpg','INGLES','KZT25YHH7ZQ','malesuada@Aenean.org','vitae.mauris.sit@iaculis.org','359-306-2706');
Insert into USUARIOS (ID,TIPO_USUARIO,NOMBRE,UBICACION,LATITUD,LONGITUD,FOTO,LENGUAJE,CODIGO_INVITACION,EMAIL,EMAIL_ALTERNATIVO,TELEFONO) values ('84','CONDUCTOR','Franz Orellana','Ap #781-7148 Donec St.','3.28973','53.92869','Franz Orellana.jpg','INGLES','ZRU49RHT9UI','porttitor.vulputate@bibendumsedest.co.uk','risus.a.ultricies@turpisnecmauris.org','355-928-2797');
Insert into USUARIOS (ID,TIPO_USUARIO,NOMBRE,UBICACION,LATITUD,LONGITUD,FOTO,LENGUAJE,CODIGO_INVITACION,EMAIL,EMAIL_ALTERNATIVO,TELEFONO) values ('85','CONDUCTOR','Juan Riquelme','Ap #689-7660 Pellentesque St.','75.62457','-158.45216','Juan Riquelme.jpg','ESPANOL','ZAO01BIC1YY','consequat.dolor.vitae@acmi.net','sed@Nunc.org','379-501-9076');
Insert into USUARIOS (ID,TIPO_USUARIO,NOMBRE,UBICACION,LATITUD,LONGITUD,FOTO,LENGUAJE,CODIGO_INVITACION,EMAIL,EMAIL_ALTERNATIVO,TELEFONO) values ('86','CLIENTE','Matia Yez','6375 Tincidunt St.','18.40511','24.58899','Matia Yez.jpg','INGLES','PCG11EJO5ZL','augue.scelerisque.mollis@Namtempor.org','Suspendisse@risusatfringilla.org','399-159-8466');
Insert into USUARIOS (ID,TIPO_USUARIO,NOMBRE,UBICACION,LATITUD,LONGITUD,FOTO,LENGUAJE,CODIGO_INVITACION,EMAIL,EMAIL_ALTERNATIVO,TELEFONO) values ('87','CLIENTE','Evoleth Campos','P.O. Box 261, 1347 Pellentesque Rd.','31.10064','47.48859','Evoleth Campos.jpg','INGLES','MAB12GIO1XB','mi.fringilla.mi@velitSedmalesuada.ca','nulla@elitsed.org','382-259-9246');
Insert into USUARIOS (ID,TIPO_USUARIO,NOMBRE,UBICACION,LATITUD,LONGITUD,FOTO,LENGUAJE,CODIGO_INVITACION,EMAIL,EMAIL_ALTERNATIVO,TELEFONO) values ('88','CONDUCTOR','Jack ?lvarez','P.O. Box 128, 8049 Turpis St.','23.8845','-97.7861','Jack ?lvarez.jpg','INGLES','CBA97USE1ZH','Sed.congue.elit@urnaet.ca','ultrices@Fusce.net','305-201-0273');
Insert into USUARIOS (ID,TIPO_USUARIO,NOMBRE,UBICACION,LATITUD,LONGITUD,FOTO,LENGUAJE,CODIGO_INVITACION,EMAIL,EMAIL_ALTERNATIVO,TELEFONO) values ('89','CLIENTE','Dafnne Godoy','P.O. Box 625, 1534 Arcu St.','-31.86319','-14.68538','Dafnne Godoy.jpg','INGLES','WDN58FLC6MN','Nulla.tincidunt@erat.ca','massa.Vestibulum@atvelitPellentesque.com','376-277-5508');
Insert into USUARIOS (ID,TIPO_USUARIO,NOMBRE,UBICACION,LATITUD,LONGITUD,FOTO,LENGUAJE,CODIGO_INVITACION,EMAIL,EMAIL_ALTERNATIVO,TELEFONO) values ('90','CONDUCTOR','Vasco Daz','2933 Mauris Rd.','18.3202','173.21345','Vasco Daz.jpg','INGLES','JLT34GRC4TG','est@arcuimperdietullamcorper.org','Suspendisse.aliquet.sem@cursus.com','303-856-4178');
Insert into USUARIOS (ID,TIPO_USUARIO,NOMBRE,UBICACION,LATITUD,LONGITUD,FOTO,LENGUAJE,CODIGO_INVITACION,EMAIL,EMAIL_ALTERNATIVO,TELEFONO) values ('91','CONDUCTOR','Dulce Rivera','P.O. Box 684, 5858 Molestie Avenue','-56.89371','-14.43532','Dulce Rivera.jpg','ESPANOL','LCH31KPG9OT','dolor@dolor.com','ipsum.Donec@Duis.ca','354-396-4769');
Insert into USUARIOS (ID,TIPO_USUARIO,NOMBRE,UBICACION,LATITUD,LONGITUD,FOTO,LENGUAJE,CODIGO_INVITACION,EMAIL,EMAIL_ALTERNATIVO,TELEFONO) values ('92','CLIENTE','Angelina Pino','491-2966 Justo. St.','-10.37409','-170.28753','Angelina Pino.jpg','ESPANOL','RAC75BEB0YC','gravida@Sedet.org','non.magna.Nam@ultrices.org','366-984-9289');
Insert into USUARIOS (ID,TIPO_USUARIO,NOMBRE,UBICACION,LATITUD,LONGITUD,FOTO,LENGUAJE,CODIGO_INVITACION,EMAIL,EMAIL_ALTERNATIVO,TELEFONO) values ('93','CLIENTE','Mailyn Sez','Ap #339-4921 Id, St.','-25.96595','-142.34424','Mailyn Sez.jpg','ESPANOL','KLP13EKZ4DO','sit.amet.risus@Morbinon.ca','tristique.senectus@lectusjustoeu.ca','355-477-8916');
Insert into USUARIOS (ID,TIPO_USUARIO,NOMBRE,UBICACION,LATITUD,LONGITUD,FOTO,LENGUAJE,CODIGO_INVITACION,EMAIL,EMAIL_ALTERNATIVO,TELEFONO) values ('94','CLIENTE','Yohans Ortiz','259 Sociis Road','51.0233','87.81571','Yohans Ortiz.jpg','ESPANOL','PEP64JXP0IA','Donec.egestas.Duis@Quisqueimperdiet.net','nec.tempus.scelerisque@ligulaconsectetuer.ca','322-710-8438');
Insert into USUARIOS (ID,TIPO_USUARIO,NOMBRE,UBICACION,LATITUD,LONGITUD,FOTO,LENGUAJE,CODIGO_INVITACION,EMAIL,EMAIL_ALTERNATIVO,TELEFONO) values ('95','CLIENTE','Tiara Donoso','P.O. Box 721, 2524 Ut, Ave','-56.70411','-15.67638','Tiara Donoso.jpg','ESPANOL','FPR63BZU8HS','sociosqu.ad@ligulaNullam.com','Mauris@maurisblanditmattis.edu','350-269-9291');
Insert into USUARIOS (ID,TIPO_USUARIO,NOMBRE,UBICACION,LATITUD,LONGITUD,FOTO,LENGUAJE,CODIGO_INVITACION,EMAIL,EMAIL_ALTERNATIVO,TELEFONO) values ('96','CONDUCTOR','Oscar Riquelme','587-5036 Mauris, Street','-17.2648','-62.34083','Oscar Riquelme.jpg','INGLES','KZM90NJC9JU','vestibulum@egetipsum.ca','sagittis.semper@lobortistellusjusto.ca','381-476-1104');
Insert into USUARIOS (ID,TIPO_USUARIO,NOMBRE,UBICACION,LATITUD,LONGITUD,FOTO,LENGUAJE,CODIGO_INVITACION,EMAIL,EMAIL_ALTERNATIVO,TELEFONO) values ('97','CLIENTE','Anthonela Lagos','P.O. Box 683, 9950 Nec St.','-7.99821','-17.67038','Anthonela Lagos.jpg','INGLES','MRW92XOS8MI','ligula.Nullam@Donecatarcu.net','mollis.Integer.tincidunt@Donec.co.uk','379-712-6571');
Insert into USUARIOS (ID,TIPO_USUARIO,NOMBRE,UBICACION,LATITUD,LONGITUD,FOTO,LENGUAJE,CODIGO_INVITACION,EMAIL,EMAIL_ALTERNATIVO,TELEFONO) values ('98','CONDUCTOR','Maida Daz','2018 Sapien, Avenue','40.20536','140.60512','Maida Daz.jpg','ESPANOL','QUM17GOP4VW','amet@pede.ca','Duis@ut.ca','347-154-8071');
Insert into USUARIOS (ID,TIPO_USUARIO,NOMBRE,UBICACION,LATITUD,LONGITUD,FOTO,LENGUAJE,CODIGO_INVITACION,EMAIL,EMAIL_ALTERNATIVO,TELEFONO) values ('99','CONDUCTOR','Rodolfo Vidal','Ap #920-8326 Aliquet Rd.','20.99772','12.2598','Rodolfo Vidal.jpg','ESPANOL','TMT54SUW3KO','feugiat@mauris.co.uk','gravida.Aliquam@sodalesat.edu','316-216-5465');
Insert into USUARIOS (ID,TIPO_USUARIO,NOMBRE,UBICACION,LATITUD,LONGITUD,FOTO,LENGUAJE,CODIGO_INVITACION,EMAIL,EMAIL_ALTERNATIVO,TELEFONO) values ('100','CLIENTE','Anibal Riquelme','Ap #184-9344 Auctor St.','-66.53795','-150.71372','Anibal Riquelme.jpg','INGLES','JBL45MKP3ZE','Vivamus@pharetra.co.uk','Quisque@ipsum.edu','382-504-2344');
REM INSERTING into USUARIOS_MEDIOS_PAGOS
SET DEFINE OFF;
Insert into USUARIOS_MEDIOS_PAGOS (ID,FK_USUARIO,FK_MEDIO_PAGO,EMAIL,ENVIAR_CORREO,DETALLE_FORMA_PAGO,EMPRESARIAL,NOMBRE_EMPRESA) values ('1','1','5','id@a.edu','F','{N/A}','F',null);
Insert into USUARIOS_MEDIOS_PAGOS (ID,FK_USUARIO,FK_MEDIO_PAGO,EMAIL,ENVIAR_CORREO,DETALLE_FORMA_PAGO,EMPRESARIAL,NOMBRE_EMPRESA) values ('2','2','5','Nulla.facilisi@MaurisnullaInteger.co.uk','F','{N/A}','F',null);
Insert into USUARIOS_MEDIOS_PAGOS (ID,FK_USUARIO,FK_MEDIO_PAGO,EMAIL,ENVIAR_CORREO,DETALLE_FORMA_PAGO,EMPRESARIAL,NOMBRE_EMPRESA) values ('3','3','3','In@NuncmaurisMorbi.com','F','{N/A}','F',null);
Insert into USUARIOS_MEDIOS_PAGOS (ID,FK_USUARIO,FK_MEDIO_PAGO,EMAIL,ENVIAR_CORREO,DETALLE_FORMA_PAGO,EMPRESARIAL,NOMBRE_EMPRESA) values ('4','4','4','tempor@egetlacus.net','F','{N/A}','F',null);
Insert into USUARIOS_MEDIOS_PAGOS (ID,FK_USUARIO,FK_MEDIO_PAGO,EMAIL,ENVIAR_CORREO,DETALLE_FORMA_PAGO,EMPRESARIAL,NOMBRE_EMPRESA) values ('5','5','5','erat.neque.non@Sedauctorodio.edu','F','{N/A}','F',null);
Insert into USUARIOS_MEDIOS_PAGOS (ID,FK_USUARIO,FK_MEDIO_PAGO,EMAIL,ENVIAR_CORREO,DETALLE_FORMA_PAGO,EMPRESARIAL,NOMBRE_EMPRESA) values ('6','6','5','et@egettinciduntdui.net','F','{N/A}','F',null);
Insert into USUARIOS_MEDIOS_PAGOS (ID,FK_USUARIO,FK_MEDIO_PAGO,EMAIL,ENVIAR_CORREO,DETALLE_FORMA_PAGO,EMPRESARIAL,NOMBRE_EMPRESA) values ('7','7','5','malesuada.ut@amet.com','F','{N/A}','F',null);
Insert into USUARIOS_MEDIOS_PAGOS (ID,FK_USUARIO,FK_MEDIO_PAGO,EMAIL,ENVIAR_CORREO,DETALLE_FORMA_PAGO,EMPRESARIAL,NOMBRE_EMPRESA) values ('8','8','5','in.dolor.Fusce@pede.edu','F','{N/A}','F',null);
Insert into USUARIOS_MEDIOS_PAGOS (ID,FK_USUARIO,FK_MEDIO_PAGO,EMAIL,ENVIAR_CORREO,DETALLE_FORMA_PAGO,EMPRESARIAL,NOMBRE_EMPRESA) values ('9','9','1','nec.luctus.felis@erat.ca','T','{"numero":"45125151655","cvc":458,"fecha_vencimiento":"01/01/2020"}','F',null);
Insert into USUARIOS_MEDIOS_PAGOS (ID,FK_USUARIO,FK_MEDIO_PAGO,EMAIL,ENVIAR_CORREO,DETALLE_FORMA_PAGO,EMPRESARIAL,NOMBRE_EMPRESA) values ('10','10','1','consequat.purus@aliquetProin.co.uk','T','{"numero":"84573214964","cvc":391,"fecha_vencimiento":"03/01/2024"}','T','GLOBANT');
Insert into USUARIOS_MEDIOS_PAGOS (ID,FK_USUARIO,FK_MEDIO_PAGO,EMAIL,ENVIAR_CORREO,DETALLE_FORMA_PAGO,EMPRESARIAL,NOMBRE_EMPRESA) values ('11','11','1','ornare.In@Aeneangravidanunc.edu','T','{"numero":"14935798474","cvc":961,"fecha_vencimiento":"03/10/2025"}','T','BANCOLOMBIA');
Insert into USUARIOS_MEDIOS_PAGOS (ID,FK_USUARIO,FK_MEDIO_PAGO,EMAIL,ENVIAR_CORREO,DETALLE_FORMA_PAGO,EMPRESARIAL,NOMBRE_EMPRESA) values ('12','12','1','turpis@lobortis.com','T','{"numero":"36485147964","cvc":741,"fecha_vencimiento":"03/12/2019"}','T','GOOGLE');
Insert into USUARIOS_MEDIOS_PAGOS (ID,FK_USUARIO,FK_MEDIO_PAGO,EMAIL,ENVIAR_CORREO,DETALLE_FORMA_PAGO,EMPRESARIAL,NOMBRE_EMPRESA) values ('13','13','5','elit.pellentesque.a@lectus.org','F','{N/A}','F',null);
Insert into USUARIOS_MEDIOS_PAGOS (ID,FK_USUARIO,FK_MEDIO_PAGO,EMAIL,ENVIAR_CORREO,DETALLE_FORMA_PAGO,EMPRESARIAL,NOMBRE_EMPRESA) values ('14','14','1','mollis.dui.in@Namtempordiam.org','T','{"numero":"4672158752327663","cvc":760,"fecha_vencimiento":"09/10/2027"}','F',null);
Insert into USUARIOS_MEDIOS_PAGOS (ID,FK_USUARIO,FK_MEDIO_PAGO,EMAIL,ENVIAR_CORREO,DETALLE_FORMA_PAGO,EMPRESARIAL,NOMBRE_EMPRESA) values ('15','15','1','natoque.penatibus@eterosProin.co.uk','T','{"numero":"4885377984223416","cvc":780,"fecha_vencimiento":"10/12/2025"}','F',null);
Insert into USUARIOS_MEDIOS_PAGOS (ID,FK_USUARIO,FK_MEDIO_PAGO,EMAIL,ENVIAR_CORREO,DETALLE_FORMA_PAGO,EMPRESARIAL,NOMBRE_EMPRESA) values ('16','16','5','molestie.in.tempus@Curabitur.net','F','{N/A}','F',null);
Insert into USUARIOS_MEDIOS_PAGOS (ID,FK_USUARIO,FK_MEDIO_PAGO,EMAIL,ENVIAR_CORREO,DETALLE_FORMA_PAGO,EMPRESARIAL,NOMBRE_EMPRESA) values ('17','17','1','Aliquam.tincidunt.nunc@necurnasuscipit.co.uk','T','{"numero":"4252581911997878","cvc":928,"fecha_vencimiento":"05/11/2021"}','T','EXITO');
Insert into USUARIOS_MEDIOS_PAGOS (ID,FK_USUARIO,FK_MEDIO_PAGO,EMAIL,ENVIAR_CORREO,DETALLE_FORMA_PAGO,EMPRESARIAL,NOMBRE_EMPRESA) values ('18','18','1','hymenaeos@nunc.org','T','{"numero":"4408249295590908","cvc":415,"fecha_vencimiento":"12/12/2025"}','T','FLAMINGO');
Insert into USUARIOS_MEDIOS_PAGOS (ID,FK_USUARIO,FK_MEDIO_PAGO,EMAIL,ENVIAR_CORREO,DETALLE_FORMA_PAGO,EMPRESARIAL,NOMBRE_EMPRESA) values ('19','19','3','elementum.at@telluseuaugue.net','F','{N/A}','F',null);
Insert into USUARIOS_MEDIOS_PAGOS (ID,FK_USUARIO,FK_MEDIO_PAGO,EMAIL,ENVIAR_CORREO,DETALLE_FORMA_PAGO,EMPRESARIAL,NOMBRE_EMPRESA) values ('20','20','4','risus@magnis.net','F','{N/A}','F',null);
Insert into USUARIOS_MEDIOS_PAGOS (ID,FK_USUARIO,FK_MEDIO_PAGO,EMAIL,ENVIAR_CORREO,DETALLE_FORMA_PAGO,EMPRESARIAL,NOMBRE_EMPRESA) values ('21','21','5','molestie.in.tempus@volutpatNulla.co.uk','F','{N/A}','F',null);
Insert into USUARIOS_MEDIOS_PAGOS (ID,FK_USUARIO,FK_MEDIO_PAGO,EMAIL,ENVIAR_CORREO,DETALLE_FORMA_PAGO,EMPRESARIAL,NOMBRE_EMPRESA) values ('22','22','3','tempus@iaculis.org','F','{N/A}','F',null);
Insert into USUARIOS_MEDIOS_PAGOS (ID,FK_USUARIO,FK_MEDIO_PAGO,EMAIL,ENVIAR_CORREO,DETALLE_FORMA_PAGO,EMPRESARIAL,NOMBRE_EMPRESA) values ('23','23','2','nisl@feugiatmetus.edu','T','{"evo125"}','F',null);
Insert into USUARIOS_MEDIOS_PAGOS (ID,FK_USUARIO,FK_MEDIO_PAGO,EMAIL,ENVIAR_CORREO,DETALLE_FORMA_PAGO,EMPRESARIAL,NOMBRE_EMPRESA) values ('24','24','5','orci.adipiscing.non@Donecnon.net','F','{N/A}','F',null);
Insert into USUARIOS_MEDIOS_PAGOS (ID,FK_USUARIO,FK_MEDIO_PAGO,EMAIL,ENVIAR_CORREO,DETALLE_FORMA_PAGO,EMPRESARIAL,NOMBRE_EMPRESA) values ('25','25','1','varius.Nam.porttitor@tristique.edu','T','{"numero":"4705882209031104","cvc":524,"fecha_vencimiento":"12/11/2020"}','T','CINECOLOMBIA');
Insert into USUARIOS_MEDIOS_PAGOS (ID,FK_USUARIO,FK_MEDIO_PAGO,EMAIL,ENVIAR_CORREO,DETALLE_FORMA_PAGO,EMPRESARIAL,NOMBRE_EMPRESA) values ('26','26','1','ante.ipsum.primis@cursus.co.uk','T','{"numero":"4058246774900064	","cvc":786,"fecha_vencimiento":"12/11/2028"}','T','JUMBO');
Insert into USUARIOS_MEDIOS_PAGOS (ID,FK_USUARIO,FK_MEDIO_PAGO,EMAIL,ENVIAR_CORREO,DETALLE_FORMA_PAGO,EMPRESARIAL,NOMBRE_EMPRESA) values ('27','27','1','non.magna@Phasellusvitaemauris.com','T','{"numero":"5818013278911205","cvc":803,"fecha_vencimiento":"01/06/2021"}','T','BANCODEBOGOTA');
Insert into USUARIOS_MEDIOS_PAGOS (ID,FK_USUARIO,FK_MEDIO_PAGO,EMAIL,ENVIAR_CORREO,DETALLE_FORMA_PAGO,EMPRESARIAL,NOMBRE_EMPRESA) values ('28','28','5','dis@arcuVestibulumante.net','F','{N/A}','F',null);
Insert into USUARIOS_MEDIOS_PAGOS (ID,FK_USUARIO,FK_MEDIO_PAGO,EMAIL,ENVIAR_CORREO,DETALLE_FORMA_PAGO,EMPRESARIAL,NOMBRE_EMPRESA) values ('29','29','1','magna.Cras@in.ca','T','{"numero":"343464678680046","cvc":537,"fecha_vencimiento":"03/08/2025"}','F',null);
Insert into USUARIOS_MEDIOS_PAGOS (ID,FK_USUARIO,FK_MEDIO_PAGO,EMAIL,ENVIAR_CORREO,DETALLE_FORMA_PAGO,EMPRESARIAL,NOMBRE_EMPRESA) values ('30','30','1','at.iaculis@nunc.co.uk','T','{"numero":"388345710317208","cvc":225,"fecha_vencimiento":"03/07/2027"}','F',null);
REM INSERTING into VEHICULOS
SET DEFINE OFF;
Insert into VEHICULOS (ID,FK_USUARIO,MARCA,PLACA,MODELO) values ('1','1','Dodge','VFQ120','1996');
Insert into VEHICULOS (ID,FK_USUARIO,MARCA,PLACA,MODELO) values ('2','2','Ford','CJL844','2006');
Insert into VEHICULOS (ID,FK_USUARIO,MARCA,PLACA,MODELO) values ('3','3','Mercedes-Benz','GCH939','1984');
Insert into VEHICULOS (ID,FK_USUARIO,MARCA,PLACA,MODELO) values ('4','4','Dodge','VPK151','1994');
Insert into VEHICULOS (ID,FK_USUARIO,MARCA,PLACA,MODELO) values ('5','5','Infiniti','TDR059','1996');
Insert into VEHICULOS (ID,FK_USUARIO,MARCA,PLACA,MODELO) values ('6','6','Chevrolet','RNE810','2003');
Insert into VEHICULOS (ID,FK_USUARIO,MARCA,PLACA,MODELO) values ('7','7','Isuzu','VQD116','2000');
Insert into VEHICULOS (ID,FK_USUARIO,MARCA,PLACA,MODELO) values ('8','8','Bentley','SLJ076','2010');
Insert into VEHICULOS (ID,FK_USUARIO,MARCA,PLACA,MODELO) values ('9','9','Mitsubishi','WSU220','1986');
Insert into VEHICULOS (ID,FK_USUARIO,MARCA,PLACA,MODELO) values ('10','10','Subaru','VZE550','2002');
Insert into VEHICULOS (ID,FK_USUARIO,MARCA,PLACA,MODELO) values ('11','11','Volvo','RIF879','2008');
Insert into VEHICULOS (ID,FK_USUARIO,MARCA,PLACA,MODELO) values ('12','12','Chevrolet','YBC802','1959');
Insert into VEHICULOS (ID,FK_USUARIO,MARCA,PLACA,MODELO) values ('13','13','GMC','TMS910','2010');
Insert into VEHICULOS (ID,FK_USUARIO,MARCA,PLACA,MODELO) values ('14','14','BMW','NFO800','2007');
Insert into VEHICULOS (ID,FK_USUARIO,MARCA,PLACA,MODELO) values ('15','15','Bentley','ZYZ351','2012');
Insert into VEHICULOS (ID,FK_USUARIO,MARCA,PLACA,MODELO) values ('16','16','Suzuki','KLO815','2005');
Insert into VEHICULOS (ID,FK_USUARIO,MARCA,PLACA,MODELO) values ('17','17','Jaguar','SWN123','2008');
Insert into VEHICULOS (ID,FK_USUARIO,MARCA,PLACA,MODELO) values ('18','18','Nissan','KZL321','1996');
Insert into VEHICULOS (ID,FK_USUARIO,MARCA,PLACA,MODELO) values ('19','19','Mazda','RMQ386','1983');
Insert into VEHICULOS (ID,FK_USUARIO,MARCA,PLACA,MODELO) values ('20','20','Porsche','TWH481','2006');
Insert into VEHICULOS (ID,FK_USUARIO,MARCA,PLACA,MODELO) values ('21','21','Chevrolet','KVN445','1959');
Insert into VEHICULOS (ID,FK_USUARIO,MARCA,PLACA,MODELO) values ('22','22','Pontiac','AZG244','2010');
Insert into VEHICULOS (ID,FK_USUARIO,MARCA,PLACA,MODELO) values ('23','23','Chevrolet','TSA948','1993');
Insert into VEHICULOS (ID,FK_USUARIO,MARCA,PLACA,MODELO) values ('24','24','GMC','SIS255','1999');
Insert into VEHICULOS (ID,FK_USUARIO,MARCA,PLACA,MODELO) values ('25','25','GMC','RCX257','2010');
Insert into VEHICULOS (ID,FK_USUARIO,MARCA,PLACA,MODELO) values ('26','26','Oldsmobile','RBW584','1994');
Insert into VEHICULOS (ID,FK_USUARIO,MARCA,PLACA,MODELO) values ('27','27','Smart','JVC166','2008');
Insert into VEHICULOS (ID,FK_USUARIO,MARCA,PLACA,MODELO) values ('28','28','Lamborghini','FYP401','1998');
Insert into VEHICULOS (ID,FK_USUARIO,MARCA,PLACA,MODELO) values ('29','29','Nissan','GEI905','2003');
Insert into VEHICULOS (ID,FK_USUARIO,MARCA,PLACA,MODELO) values ('30','30','Porsche','KIZ696','1987');
Insert into VEHICULOS (ID,FK_USUARIO,MARCA,PLACA,MODELO) values ('31','31','Ford','FRI170','2003');
Insert into VEHICULOS (ID,FK_USUARIO,MARCA,PLACA,MODELO) values ('32','32','Volvo','JST237','2002');
Insert into VEHICULOS (ID,FK_USUARIO,MARCA,PLACA,MODELO) values ('33','33','GMC','SKW673','1996');
Insert into VEHICULOS (ID,FK_USUARIO,MARCA,PLACA,MODELO) values ('34','34','BMW','TLV269','1993');
Insert into VEHICULOS (ID,FK_USUARIO,MARCA,PLACA,MODELO) values ('35','35','Ford','IBM857','2009');
Insert into VEHICULOS (ID,FK_USUARIO,MARCA,PLACA,MODELO) values ('36','36','MG','QTN647','1977');
Insert into VEHICULOS (ID,FK_USUARIO,MARCA,PLACA,MODELO) values ('37','37','Lamborghini','LQG287','1992');
Insert into VEHICULOS (ID,FK_USUARIO,MARCA,PLACA,MODELO) values ('38','38','Dodge','NDL348','1993');
Insert into VEHICULOS (ID,FK_USUARIO,MARCA,PLACA,MODELO) values ('39','39','Nissan','TAS265','2006');
Insert into VEHICULOS (ID,FK_USUARIO,MARCA,PLACA,MODELO) values ('40','40','Suzuki','LIS727','1993');
Insert into VEHICULOS (ID,FK_USUARIO,MARCA,PLACA,MODELO) values ('41','41','Chevrolet','GUV236','2006');
Insert into VEHICULOS (ID,FK_USUARIO,MARCA,PLACA,MODELO) values ('42','42','Buick','XZU116','1993');
Insert into VEHICULOS (ID,FK_USUARIO,MARCA,PLACA,MODELO) values ('43','43','Porsche','PFS373','2001');
Insert into VEHICULOS (ID,FK_USUARIO,MARCA,PLACA,MODELO) values ('44','44','Infiniti','WEE466','1999');
Insert into VEHICULOS (ID,FK_USUARIO,MARCA,PLACA,MODELO) values ('45','45','Ford','BHR795','2007');
Insert into VEHICULOS (ID,FK_USUARIO,MARCA,PLACA,MODELO) values ('46','46','Oldsmobile','WQS326','1999');
Insert into VEHICULOS (ID,FK_USUARIO,MARCA,PLACA,MODELO) values ('47','47','Toyota','ZNK356','1997');
Insert into VEHICULOS (ID,FK_USUARIO,MARCA,PLACA,MODELO) values ('48','48','Nissan','MLL509','2007');
Insert into VEHICULOS (ID,FK_USUARIO,MARCA,PLACA,MODELO) values ('49','49','Chevrolet','CUS802','1995');
Insert into VEHICULOS (ID,FK_USUARIO,MARCA,PLACA,MODELO) values ('50','50','Ford','UTL005','2006');
--------------------------------------------------------
--  DDL for Index USUARIOS_MEDIOS_PAGOS_PK
--------------------------------------------------------

  CREATE UNIQUE INDEX "USUARIOS_MEDIOS_PAGOS_PK" ON "USUARIOS_MEDIOS_PAGOS" ("ID") 
  PCTFREE 10 INITRANS 2 MAXTRANS 255 COMPUTE STATISTICS 
  STORAGE(INITIAL 65536 NEXT 1048576 MINEXTENTS 1 MAXEXTENTS 2147483645
  PCTINCREASE 0 FREELISTS 1 FREELIST GROUPS 1 BUFFER_POOL DEFAULT FLASH_CACHE DEFAULT CELL_FLASH_CACHE DEFAULT)
  TABLESPACE "UBER" ;
--------------------------------------------------------
--  DDL for Index SERVICIOS_PK
--------------------------------------------------------

  CREATE UNIQUE INDEX "SERVICIOS_PK" ON "SERVICIOS" ("ID") 
  PCTFREE 10 INITRANS 2 MAXTRANS 255 COMPUTE STATISTICS 
  STORAGE(INITIAL 65536 NEXT 1048576 MINEXTENTS 1 MAXEXTENTS 2147483645
  PCTINCREASE 0 FREELISTS 1 FREELIST GROUPS 1 BUFFER_POOL DEFAULT FLASH_CACHE DEFAULT CELL_FLASH_CACHE DEFAULT)
  TABLESPACE "UBER" ;
--------------------------------------------------------
--  DDL for Index UBICACIONES_SERVICIOS_PK
--------------------------------------------------------

  CREATE UNIQUE INDEX "UBICACIONES_SERVICIOS_PK" ON "UBICACIONES_SERVICIOS" ("ID") 
  PCTFREE 10 INITRANS 2 MAXTRANS 255 COMPUTE STATISTICS 
  STORAGE(INITIAL 65536 NEXT 1048576 MINEXTENTS 1 MAXEXTENTS 2147483645
  PCTINCREASE 0 FREELISTS 1 FREELIST GROUPS 1 BUFFER_POOL DEFAULT FLASH_CACHE DEFAULT CELL_FLASH_CACHE DEFAULT)
  TABLESPACE "UBER" ;
--------------------------------------------------------
--  DDL for Index PAGOS_CONDUCTOR_PK
--------------------------------------------------------

  CREATE UNIQUE INDEX "PAGOS_CONDUCTOR_PK" ON "PAGOS_CONDUCTOR" ("ID") 
  PCTFREE 10 INITRANS 2 MAXTRANS 255 COMPUTE STATISTICS 
  STORAGE(INITIAL 65536 NEXT 1048576 MINEXTENTS 1 MAXEXTENTS 2147483645
  PCTINCREASE 0 FREELISTS 1 FREELIST GROUPS 1 BUFFER_POOL DEFAULT FLASH_CACHE DEFAULT CELL_FLASH_CACHE DEFAULT)
  TABLESPACE "UBER" ;
--------------------------------------------------------
--  DDL for Index RECIBOS_PK
--------------------------------------------------------

  CREATE UNIQUE INDEX "RECIBOS_PK" ON "RECIBOS" ("ID") 
  PCTFREE 10 INITRANS 2 MAXTRANS 255 COMPUTE STATISTICS 
  STORAGE(INITIAL 65536 NEXT 1048576 MINEXTENTS 1 MAXEXTENTS 2147483645
  PCTINCREASE 0 FREELISTS 1 FREELIST GROUPS 1 BUFFER_POOL DEFAULT FLASH_CACHE DEFAULT CELL_FLASH_CACHE DEFAULT)
  TABLESPACE "UBER" ;

 
--------------------------------------------------------
--  Constraints for Table USUARIOS_MEDIOS_PAGOS
--------------------------------------------------------

  ALTER TABLE "USUARIOS_MEDIOS_PAGOS" ADD CONSTRAINT "USUARIOS_MEDIOS_PAGOS_PK" PRIMARY KEY ("ID")
  USING INDEX PCTFREE 10 INITRANS 2 MAXTRANS 255 COMPUTE STATISTICS 
  STORAGE(INITIAL 65536 NEXT 1048576 MINEXTENTS 1 MAXEXTENTS 2147483645
  PCTINCREASE 0 FREELISTS 1 FREELIST GROUPS 1 BUFFER_POOL DEFAULT FLASH_CACHE DEFAULT CELL_FLASH_CACHE DEFAULT)
  TABLESPACE "UBER"  ENABLE;
  ALTER TABLE "USUARIOS_MEDIOS_PAGOS" MODIFY ("ID" NOT NULL ENABLE);
  ALTER TABLE "USUARIOS_MEDIOS_PAGOS" ADD CHECK ((EMPRESARIAL = 'F') OR (EMPRESARIAL = 'T')) ENABLE;
  ALTER TABLE "USUARIOS_MEDIOS_PAGOS" ADD CHECK ((ENVIAR_CORREO = 'F') OR (ENVIAR_CORREO = 'T')) ENABLE;
--------------------------------------------------------
--  Constraints for Table VEHICULOS
--------------------------------------------------------

  ALTER TABLE "VEHICULOS" ADD PRIMARY KEY ("ID")
  USING INDEX PCTFREE 10 INITRANS 2 MAXTRANS 255 COMPUTE STATISTICS 
  STORAGE(INITIAL 65536 NEXT 1048576 MINEXTENTS 1 MAXEXTENTS 2147483645
  PCTINCREASE 0 FREELISTS 1 FREELIST GROUPS 1 BUFFER_POOL DEFAULT FLASH_CACHE DEFAULT CELL_FLASH_CACHE DEFAULT)
  TABLESPACE "UBER"  ENABLE;
  ALTER TABLE "VEHICULOS" MODIFY ("ID" NOT NULL ENABLE);
--------------------------------------------------------
--  Constraints for Table RECIBOS
--------------------------------------------------------

  ALTER TABLE "RECIBOS" ADD CONSTRAINT "RECIBOS_PK" PRIMARY KEY ("ID")
  USING INDEX PCTFREE 10 INITRANS 2 MAXTRANS 255 COMPUTE STATISTICS 
  STORAGE(INITIAL 65536 NEXT 1048576 MINEXTENTS 1 MAXEXTENTS 2147483645
  PCTINCREASE 0 FREELISTS 1 FREELIST GROUPS 1 BUFFER_POOL DEFAULT FLASH_CACHE DEFAULT CELL_FLASH_CACHE DEFAULT)
  TABLESPACE "UBER"  ENABLE;
  ALTER TABLE "RECIBOS" MODIFY ("ID" NOT NULL ENABLE);
--------------------------------------------------------
--  Constraints for Table PAGOS_CONDUCTOR
--------------------------------------------------------

  ALTER TABLE "PAGOS_CONDUCTOR" ADD CONSTRAINT "PAGOS_CONDUCTOR_PK" PRIMARY KEY ("ID")
  USING INDEX PCTFREE 10 INITRANS 2 MAXTRANS 255 COMPUTE STATISTICS 
  STORAGE(INITIAL 65536 NEXT 1048576 MINEXTENTS 1 MAXEXTENTS 2147483645
  PCTINCREASE 0 FREELISTS 1 FREELIST GROUPS 1 BUFFER_POOL DEFAULT FLASH_CACHE DEFAULT CELL_FLASH_CACHE DEFAULT)
  TABLESPACE "UBER"  ENABLE;
  ALTER TABLE "PAGOS_CONDUCTOR" MODIFY ("ID" NOT NULL ENABLE);
--------------------------------------------------------
--  Constraints for Table FACTURAS
--------------------------------------------------------

  ALTER TABLE "FACTURAS" ADD PRIMARY KEY ("ID")
  USING INDEX PCTFREE 10 INITRANS 2 MAXTRANS 255 COMPUTE STATISTICS 
  STORAGE(INITIAL 65536 NEXT 1048576 MINEXTENTS 1 MAXEXTENTS 2147483645
  PCTINCREASE 0 FREELISTS 1 FREELIST GROUPS 1 BUFFER_POOL DEFAULT FLASH_CACHE DEFAULT CELL_FLASH_CACHE DEFAULT)
  TABLESPACE "UBER"  ENABLE;
--------------------------------------------------------
--  Constraints for Table MEDIOS_DE_PAGOS
--------------------------------------------------------

  ALTER TABLE "MEDIOS_DE_PAGOS" ADD PRIMARY KEY ("ID")
  USING INDEX PCTFREE 10 INITRANS 2 MAXTRANS 255 COMPUTE STATISTICS 
  STORAGE(INITIAL 65536 NEXT 1048576 MINEXTENTS 1 MAXEXTENTS 2147483645
  PCTINCREASE 0 FREELISTS 1 FREELIST GROUPS 1 BUFFER_POOL DEFAULT FLASH_CACHE DEFAULT CELL_FLASH_CACHE DEFAULT)
  TABLESPACE "UBER"  ENABLE;
--------------------------------------------------------
--  Constraints for Table SERVICIOS
--------------------------------------------------------

  ALTER TABLE "SERVICIOS" ADD CHECK ((TARIFA_DINAMICA = 'F') OR (TARIFA_DINAMICA = 'T')) ENABLE;
  ALTER TABLE "SERVICIOS" ADD CONSTRAINT "SERVICIOS_PK" PRIMARY KEY ("ID")
  USING INDEX PCTFREE 10 INITRANS 2 MAXTRANS 255 COMPUTE STATISTICS 
  STORAGE(INITIAL 65536 NEXT 1048576 MINEXTENTS 1 MAXEXTENTS 2147483645
  PCTINCREASE 0 FREELISTS 1 FREELIST GROUPS 1 BUFFER_POOL DEFAULT FLASH_CACHE DEFAULT CELL_FLASH_CACHE DEFAULT)
  TABLESPACE "UBER"  ENABLE;
  ALTER TABLE "SERVICIOS" MODIFY ("ID" NOT NULL ENABLE);
--------------------------------------------------------
--  Constraints for Table CONDUCTOR_VEHICULOS
--------------------------------------------------------

  ALTER TABLE "CONDUCTOR_VEHICULOS" ADD PRIMARY KEY ("ID")
  USING INDEX PCTFREE 10 INITRANS 2 MAXTRANS 255 COMPUTE STATISTICS 
  STORAGE(INITIAL 65536 NEXT 1048576 MINEXTENTS 1 MAXEXTENTS 2147483645
  PCTINCREASE 0 FREELISTS 1 FREELIST GROUPS 1 BUFFER_POOL DEFAULT FLASH_CACHE DEFAULT CELL_FLASH_CACHE DEFAULT)
  TABLESPACE "UBER"  ENABLE;
--------------------------------------------------------
--  Constraints for Table DETALLES_CONDUCTOR
--------------------------------------------------------

  ALTER TABLE "DETALLES_CONDUCTOR" ADD PRIMARY KEY ("ID")
  USING INDEX PCTFREE 10 INITRANS 2 MAXTRANS 255 COMPUTE STATISTICS 
  STORAGE(INITIAL 65536 NEXT 1048576 MINEXTENTS 1 MAXEXTENTS 2147483645
  PCTINCREASE 0 FREELISTS 1 FREELIST GROUPS 1 BUFFER_POOL DEFAULT FLASH_CACHE DEFAULT CELL_FLASH_CACHE DEFAULT)
  TABLESPACE "UBER"  ENABLE;
--------------------------------------------------------
--  Constraints for Table DETALLES_FACTURAS
--------------------------------------------------------

  ALTER TABLE "DETALLES_FACTURAS" ADD PRIMARY KEY ("ID")
  USING INDEX PCTFREE 10 INITRANS 2 MAXTRANS 255 COMPUTE STATISTICS 
  STORAGE(INITIAL 65536 NEXT 1048576 MINEXTENTS 1 MAXEXTENTS 2147483645
  PCTINCREASE 0 FREELISTS 1 FREELIST GROUPS 1 BUFFER_POOL DEFAULT FLASH_CACHE DEFAULT CELL_FLASH_CACHE DEFAULT)
  TABLESPACE "UBER"  ENABLE;
--------------------------------------------------------
--  Constraints for Table DETALLE_PAGOS_CONDUCTOR
--------------------------------------------------------

  ALTER TABLE "DETALLE_PAGOS_CONDUCTOR" ADD PRIMARY KEY ("ID")
  USING INDEX PCTFREE 10 INITRANS 2 MAXTRANS 255 COMPUTE STATISTICS 
  STORAGE(INITIAL 65536 NEXT 1048576 MINEXTENTS 1 MAXEXTENTS 2147483645
  PCTINCREASE 0 FREELISTS 1 FREELIST GROUPS 1 BUFFER_POOL DEFAULT FLASH_CACHE DEFAULT CELL_FLASH_CACHE DEFAULT)
  TABLESPACE "UBER"  ENABLE;
--------------------------------------------------------
--  Constraints for Table CIUDADES
--------------------------------------------------------

  ALTER TABLE "CIUDADES" ADD PRIMARY KEY ("ID")
  USING INDEX PCTFREE 10 INITRANS 2 MAXTRANS 255 COMPUTE STATISTICS 
  STORAGE(INITIAL 65536 NEXT 1048576 MINEXTENTS 1 MAXEXTENTS 2147483645
  PCTINCREASE 0 FREELISTS 1 FREELIST GROUPS 1 BUFFER_POOL DEFAULT FLASH_CACHE DEFAULT CELL_FLASH_CACHE DEFAULT)
  TABLESPACE "UBER"  ENABLE;
--------------------------------------------------------
--  Constraints for Table CODIGOS_PROMOCIONALES
--------------------------------------------------------

  ALTER TABLE "CODIGOS_PROMOCIONALES" ADD PRIMARY KEY ("ID")
  USING INDEX PCTFREE 10 INITRANS 2 MAXTRANS 255 COMPUTE STATISTICS 
  STORAGE(INITIAL 65536 NEXT 1048576 MINEXTENTS 1 MAXEXTENTS 2147483645
  PCTINCREASE 0 FREELISTS 1 FREELIST GROUPS 1 BUFFER_POOL DEFAULT FLASH_CACHE DEFAULT CELL_FLASH_CACHE DEFAULT)
  TABLESPACE "UBER"  ENABLE;
--------------------------------------------------------
--  Constraints for Table USUARIOS
--------------------------------------------------------

  ALTER TABLE "USUARIOS" ADD PRIMARY KEY ("ID")
  USING INDEX PCTFREE 10 INITRANS 2 MAXTRANS 255 COMPUTE STATISTICS 
  STORAGE(INITIAL 65536 NEXT 1048576 MINEXTENTS 1 MAXEXTENTS 2147483645
  PCTINCREASE 0 FREELISTS 1 FREELIST GROUPS 1 BUFFER_POOL DEFAULT FLASH_CACHE DEFAULT CELL_FLASH_CACHE DEFAULT)
  TABLESPACE "UBER"  ENABLE;
--------------------------------------------------------
--  Constraints for Table UBICACIONES_SERVICIOS
--------------------------------------------------------

  ALTER TABLE "UBICACIONES_SERVICIOS" ADD CONSTRAINT "UBICACIONES_SERVICIOS_PK" PRIMARY KEY ("ID")
  USING INDEX PCTFREE 10 INITRANS 2 MAXTRANS 255 COMPUTE STATISTICS 
  STORAGE(INITIAL 65536 NEXT 1048576 MINEXTENTS 1 MAXEXTENTS 2147483645
  PCTINCREASE 0 FREELISTS 1 FREELIST GROUPS 1 BUFFER_POOL DEFAULT FLASH_CACHE DEFAULT CELL_FLASH_CACHE DEFAULT)
  TABLESPACE "UBER"  ENABLE;
  ALTER TABLE "UBICACIONES_SERVICIOS" MODIFY ("ID" NOT NULL ENABLE);
--------------------------------------------------------
--  Ref Constraints for Table CONDUCTOR_VEHICULOS
--------------------------------------------------------

  ALTER TABLE "CONDUCTOR_VEHICULOS" ADD CONSTRAINT "FK_USUARIO_CONDUCTOR" FOREIGN KEY ("USUARIO_ID")
	  REFERENCES "USUARIOS" ("ID") ENABLE;
  ALTER TABLE "CONDUCTOR_VEHICULOS" ADD CONSTRAINT "FK_VEHICULO_CONDUCTOR" FOREIGN KEY ("VEHICULO_ID")
	  REFERENCES "VEHICULOS" ("ID") ENABLE;
--------------------------------------------------------
--  Ref Constraints for Table DETALLE_PAGOS_CONDUCTOR
--------------------------------------------------------

  ALTER TABLE "DETALLE_PAGOS_CONDUCTOR" ADD CONSTRAINT "FK_DETALLES_PAGOS_CONDUCTOR" FOREIGN KEY ("FACTURA_ID")
	  REFERENCES "FACTURAS" ("ID") ENABLE;
  ALTER TABLE "DETALLE_PAGOS_CONDUCTOR" ADD CONSTRAINT "FK__PAGOS_CONDUCTOR" FOREIGN KEY ("PAGOS_CONDUCTOR_ID")
	  REFERENCES "PAGOS_CONDUCTOR" ("ID") ENABLE;
--------------------------------------------------------
--  Ref Constraints for Table DETALLES_CONDUCTOR
--------------------------------------------------------

  ALTER TABLE "DETALLES_CONDUCTOR" ADD CONSTRAINT "FK_DETALLES_CONDUCTOR" FOREIGN KEY ("CONDUCTOR_ID")
	  REFERENCES "USUARIOS" ("ID") ENABLE;
--------------------------------------------------------
--  Ref Constraints for Table DETALLES_FACTURAS
--------------------------------------------------------

  ALTER TABLE "DETALLES_FACTURAS" ADD CONSTRAINT "FK__FACTURAS" FOREIGN KEY ("FACTURA_ID")
	  REFERENCES "FACTURAS" ("ID") ENABLE;
--------------------------------------------------------
--  Ref Constraints for Table FACTURAS
--------------------------------------------------------

  ALTER TABLE "FACTURAS" ADD CONSTRAINT "FK_CLIENTE_ID_FACTURA" FOREIGN KEY ("CLIENTE_ID")
	  REFERENCES "USUARIOS" ("ID") ENABLE;
  ALTER TABLE "FACTURAS" ADD CONSTRAINT "FK_SERVICIO_FACTURA" FOREIGN KEY ("SERVICIO_ID")
	  REFERENCES "SERVICIOS" ("ID") ENABLE;
--------------------------------------------------------
--  Ref Constraints for Table PAGOS_CONDUCTOR
--------------------------------------------------------

  ALTER TABLE "PAGOS_CONDUCTOR" ADD CONSTRAINT "FK_PAGOS_CONDUCTOR" FOREIGN KEY ("CONDUCTOR_ID")
	  REFERENCES "USUARIOS" ("ID") ENABLE;
--------------------------------------------------------
--  Ref Constraints for Table RECIBOS
--------------------------------------------------------

  ALTER TABLE "RECIBOS" ADD CONSTRAINT "FK_RECIBOS_CLIENTE_ID" FOREIGN KEY ("CLIENTE_ID")
	  REFERENCES "USUARIOS" ("ID") ENABLE;
  ALTER TABLE "RECIBOS" ADD CONSTRAINT "FK_RECIBOS_CODIGO_PROMOCION" FOREIGN KEY ("CODIGO_PROMOCION_ID")
	  REFERENCES "CODIGOS_PROMOCIONALES" ("ID") ENABLE;
  ALTER TABLE "RECIBOS" ADD CONSTRAINT "FK_RECIBOS_FACTURA" FOREIGN KEY ("FACTURA_ID")
	  REFERENCES "FACTURAS" ("ID") ENABLE;
  ALTER TABLE "RECIBOS" ADD CONSTRAINT "FK_USUARIO_MEDIO_PAGO" FOREIGN KEY ("USUARIO_MEDIO_PAGO_ID")
	  REFERENCES "USUARIOS_MEDIOS_PAGOS" ("ID") ENABLE;
--------------------------------------------------------
--  Ref Constraints for Table SERVICIOS
--------------------------------------------------------

  ALTER TABLE "SERVICIOS" ADD CONSTRAINT "FK_CIUDAD" FOREIGN KEY ("CIUDAD_ID")
	  REFERENCES "CIUDADES" ("ID") ENABLE;
  ALTER TABLE "SERVICIOS" ADD CONSTRAINT "FK_CLIENTE" FOREIGN KEY ("CLIENTE_ID")
	  REFERENCES "USUARIOS" ("ID") ENABLE;
  ALTER TABLE "SERVICIOS" ADD CONSTRAINT "FK_CONDUCTOR_VEHICULO" FOREIGN KEY ("CONDUCTOR_VEHICULO_ID")
	  REFERENCES "CONDUCTOR_VEHICULOS" ("ID") ENABLE;
--------------------------------------------------------
--  Ref Constraints for Table UBICACIONES_SERVICIOS
--------------------------------------------------------

  ALTER TABLE "UBICACIONES_SERVICIOS" ADD CONSTRAINT "FK_SERVICIO" FOREIGN KEY ("SERVICIO_ID")
	  REFERENCES "SERVICIOS" ("ID") ENABLE;
--------------------------------------------------------
--  Ref Constraints for Table USUARIOS_MEDIOS_PAGOS
--------------------------------------------------------

  ALTER TABLE "USUARIOS_MEDIOS_PAGOS" ADD CONSTRAINT "FK_MEDIO_PAGO_MEDIO_PAGO" FOREIGN KEY ("FK_MEDIO_PAGO")
	  REFERENCES "MEDIOS_DE_PAGOS" ("ID") ENABLE;
  ALTER TABLE "USUARIOS_MEDIOS_PAGOS" ADD CONSTRAINT "FK_MEDIO_PAGO_USUARIO" FOREIGN KEY ("FK_USUARIO")
	  REFERENCES "USUARIOS" ("ID") ENABLE;
--------------------------------------------------------
--  Ref Constraints for Table VEHICULOS
--------------------------------------------------------

  ALTER TABLE "VEHICULOS" ADD CONSTRAINT "FK_USUARIO_VEHICULO" FOREIGN KEY ("FK_USUARIO")
	  REFERENCES "USUARIOS" ("ID") ENABLE;
